Name,StartTime,EndTime,BodyWeight,Exercise,Equipment,Reps,Weight,Time,Distance,Status,IsWarmup,RPE,RIR,Categories,Note
Torso 1,2026-06-01T09:54:00Z,2026-06-01T10:57:00Z,"80,0",Seitenheben (Masch.),Machine,7,"27,5",,,Done,false,,,"Deltoids,Trapezius",
Torso 1,2026-06-01T09:54:00Z,2026-06-01T10:57:00Z,"80,0",Seitenheben (Masch.),Machine,6,"27,5",,,Done,false,,,"Deltoids,Trapezius",
Torso 1,2026-06-01T09:54:00Z,2026-06-01T10:57:00Z,"80,0",Seitenheben (Masch.),Machine,5,"25,0",,,Done,false,,,"Deltoids,Trapezius",
Torso 1,2026-06-01T09:54:00Z,2026-06-01T10:57:00Z,"80,0",Flys (Masch.),Machine,6,"55,0",,,Done,false,,,"Chest,Deltoids",
Torso 1,2026-06-01T09:54:00Z,2026-06-01T10:57:00Z,"80,0",Flys (Masch.),Machine,5,"50,0",,,Done,false,,,"Chest,Deltoids",
Torso 1,2026-06-01T09:54:00Z,2026-06-01T10:57:00Z,"80,0",Flys (Masch.),Machine,5,"50,0",,,Done,false,,,"Chest,Deltoids",
Torso 1,2026-06-01T09:54:00Z,2026-06-01T10:57:00Z,"80,0",Klimmzüge (Breit),None,8,"80,0",,,Done,false,,,"Lats,Biceps,Trapezius",
Torso 1,2026-06-01T09:54:00Z,2026-06-01T10:57:00Z,"80,0",Klimmzüge (Breit),None,6,"80,0",,,Done,false,,,"Lats,Biceps,Trapezius",
Torso 1,2026-06-01T09:54:00Z,2026-06-01T10:57:00Z,"80,0",Schrägbankdrücken (Multipresse),Machine,7,"40,0",,,Done,false,,,"Chest,Deltoids,Triceps",
Torso 1,2026-06-01T09:54:00Z,2026-06-01T10:57:00Z,"80,0",Schrägbankdrücken (Multipresse),Machine,6,"40,0",,,Done,false,,,"Chest,Deltoids,Triceps",
Torso 1,2026-06-01T09:54:00Z,2026-06-01T10:57:00Z,"80,0","Rudermaschine (Brustgestützt, Eng)",Machine,7,"55,0",,,Done,false,,,"Lats,Biceps,Trapezius",
Torso 1,2026-06-01T09:54:00Z,2026-06-01T10:57:00Z,"80,0","Rudermaschine (Brustgestützt, Eng)",Machine,8,"52,5",,,Done,false,,,"Lats,Biceps,Trapezius",
Limbs 1,2026-06-02T09:00:40Z,2026-06-02T10:37:08Z,"80,0",Preacher Curls (Masch.),Machine,7,"30,0",,,Done,false,,,Biceps,
Limbs 1,2026-06-02T09:00:40Z,2026-06-02T10:37:08Z,"80,0",Preacher Curls (Masch.),Machine,5,"30,0",,,Done,false,,,Biceps,
Limbs 1,2026-06-02T09:00:40Z,2026-06-02T10:37:08Z,"80,0",Preacher Curls (Masch.),Machine,5,"27,5",,,Done,false,,,Biceps,
Limbs 1,2026-06-02T09:00:40Z,2026-06-02T10:37:08Z,"80,0",Beinbeuger (Sitzend),Machine,9,"55,0",,,Done,false,,,Hamstrings,
Limbs 1,2026-06-02T09:00:40Z,2026-06-02T10:37:08Z,"80,0",Beinbeuger (Sitzend),Machine,9,"55,0",,,Done,false,,,Hamstrings,
Limbs 1,2026-06-02T09:00:40Z,2026-06-02T10:37:08Z,"80,0",Beinbeuger (Sitzend),Machine,10,"55,0",,,Done,false,,,Hamstrings,
Limbs 1,2026-06-02T09:00:40Z,2026-06-02T10:37:08Z,"80,0",Squat (LH),Barbell,8,"50,0",,,Done,false,,,"Quadriceps,Gluteals,Hamstrings,Adductors,Back (Lower)",
Limbs 1,2026-06-02T09:00:40Z,2026-06-02T10:37:08Z,"80,0",Squat (LH),Barbell,6,"50,0",,,Done,false,,,"Quadriceps,Gluteals,Hamstrings,Adductors,Back (Lower)",
Limbs 1,2026-06-02T09:00:40Z,2026-06-02T10:37:08Z,"80,0",Beinstrecker (Masch.),Machine,9,"35,0",,,Done,false,,,Quadriceps,
Limbs 1,2026-06-02T09:00:40Z,2026-06-02T10:37:08Z,"80,0",Beinstrecker (Masch.),Machine,10,"40,0",,,Done,false,,,Quadriceps,
Limbs 1,2026-06-02T09:00:40Z,2026-06-02T10:37:08Z,"80,0",Beinstrecker (Masch.),Machine,10,"40,0",,,Done,false,,,Quadriceps,
Limbs 1,2026-06-02T09:00:40Z,2026-06-02T10:37:08Z,"80,0",Hyperextensions,None,6,"15,0",,,Done,false,,,"Back (Lower),Gluteals,Hamstrings",
Upper,2026-06-04T13:50:57Z,2026-06-04T15:06:08Z,"80,0",Klimmzüge (Breit),None,6,"80,0",,,Done,false,,,"Lats,Biceps,Trapezius",
Upper,2026-06-04T13:50:57Z,2026-06-04T15:06:08Z,"80,0",Klimmzüge (Breit),None,7,"80,0",,,Done,false,,,"Lats,Biceps,Trapezius",
Upper,2026-06-04T13:50:57Z,2026-06-04T15:06:08Z,"80,0",Klimmzüge (Breit),None,5,"80,0",,,Done,false,,,"Lats,Biceps,Trapezius",
Upper,2026-06-04T13:50:57Z,2026-06-04T15:06:08Z,"80,0",Schulterdrücken (Masch.),Machine,7,"30,0",,,Done,false,,,"Deltoids,Triceps,Trapezius",
Upper,2026-06-04T13:50:57Z,2026-06-04T15:06:08Z,"80,0",Schulterdrücken (Masch.),Machine,6,"30,0",,,Done,false,,,"Deltoids,Triceps,Trapezius",
Upper,2026-06-04T13:50:57Z,2026-06-04T15:06:08Z,"80,0",T-Bar Rudern (Brustgestützt),Machine,7,"45,0",,,Done,false,,,"Lats,Biceps,Trapezius",
Upper,2026-06-04T13:50:57Z,2026-06-04T15:06:08Z,"80,0",T-Bar Rudern (Brustgestützt),Machine,6,"45,0",,,Done,false,,,"Lats,Biceps,Trapezius",
Upper,2026-06-04T13:50:57Z,2026-06-04T15:06:08Z,"80,0",T-Bar Rudern (Brustgestützt),Machine,4,"40,0",,,Done,false,,,"Lats,Biceps,Trapezius",
Upper,2026-06-04T13:50:57Z,2026-06-04T15:06:08Z,"80,0",Flys (Masch.),Machine,6,"55,0",,,Done,false,,,"Chest,Deltoids",
Upper,2026-06-04T13:50:57Z,2026-06-04T15:06:08Z,"80,0",Flys (Masch.),Machine,5,"52,5",,,Done,false,,,"Chest,Deltoids",
Upper,2026-06-04T13:50:57Z,2026-06-04T15:06:08Z,"80,0",Seitenheben (Masch.),Machine,6,"30,0",,,Done,false,,,"Deltoids,Trapezius",
Upper,2026-06-04T13:50:57Z,2026-06-04T15:06:08Z,"80,0",Seitenheben (Masch.),Machine,7,"27,5",,,Done,false,,,"Deltoids,Trapezius",
Upper,2026-06-04T13:50:57Z,2026-06-04T15:06:08Z,"80,0",Preacher Curls (Masch.),Machine,8,"30,0",,,Done,false,,,Biceps,
Upper,2026-06-04T13:50:57Z,2026-06-04T15:06:08Z,"80,0",Preacher Curls (Masch.),Machine,5,"30,0",,,Done,false,,,Biceps,
Pull,2026-06-08T09:42:10Z,2026-06-08T11:11:30Z,"80,0",T-Bar Rudern (Brustgestützt),Machine,7,"45,0",,,Done,false,,,"Lats,Biceps,Trapezius",
Pull,2026-06-08T09:42:10Z,2026-06-08T11:11:30Z,"80,0",T-Bar Rudern (Brustgestützt),Machine,5,"45,0",,,Done,false,,,"Lats,Biceps,Trapezius",
Pull,2026-06-08T09:42:10Z,2026-06-08T11:11:30Z,"80,0",T-Bar Rudern (Brustgestützt),Machine,4,"45,0",,,Done,false,,,"Lats,Biceps,Trapezius",
Pull,2026-06-08T09:42:10Z,2026-06-08T11:11:30Z,"80,0",Latziehen (Eng),Cables,9,"57,0",,,Done,false,,,"Lats,Biceps,Trapezius",
Pull,2026-06-08T09:42:10Z,2026-06-08T11:11:30Z,"80,0",Latziehen (Eng),Cables,8,"57,0",,,Done,false,,,"Lats,Biceps,Trapezius",
Pull,2026-06-08T09:42:10Z,2026-06-08T11:11:30Z,"80,0",Latziehen (Eng),Cables,8,"57,0",,,Done,false,,,"Lats,Biceps,Trapezius",
Pull,2026-06-08T09:42:10Z,2026-06-08T11:11:30Z,"80,0","Rudermaschine (Brustgestützt, Eng)",Machine,10,"50,0",,,Done,false,,,"Lats,Biceps,Trapezius",
Pull,2026-06-08T09:42:10Z,2026-06-08T11:11:30Z,"80,0","Rudermaschine (Brustgestützt, Eng)",Machine,8,"50,0",,,Done,false,,,"Lats,Biceps,Trapezius",
Pull,2026-06-08T09:42:10Z,2026-06-08T11:11:30Z,"80,0",Preacher Curls (Masch.),Machine,8,"30,0",,,Done,false,,,Biceps,
Pull,2026-06-08T09:42:10Z,2026-06-08T11:11:30Z,"80,0",Preacher Curls (Masch.),Machine,3,"30,0",,,Done,false,,,Biceps,
Pull,2026-06-08T09:42:10Z,2026-06-08T11:11:30Z,"80,0",Hammer Curls (KH),Dumbbell,4,"10,0",,,Done,false,,,Biceps,
Pull,2026-06-08T09:42:10Z,2026-06-08T11:11:30Z,"80,0",Hammer Curls (KH),Dumbbell,6,"10,0",,,Done,false,,,Biceps,
Push,2026-06-09T10:53:25Z,2026-06-09T11:53:08Z,"80,0",Schrägbankdrücken (Multipresse),Machine,9,"45,0",,,Done,false,,,"Chest,Deltoids,Triceps",
Push,2026-06-09T10:53:25Z,2026-06-09T11:53:08Z,"80,0",Schrägbankdrücken (Multipresse),Machine,8,"45,0",,,Done,false,,,"Chest,Deltoids,Triceps",
Push,2026-06-09T10:53:25Z,2026-06-09T11:53:08Z,"80,0",Schrägbankdrücken (Multipresse),Machine,5,"45,0",,,Done,false,,,"Chest,Deltoids,Triceps",
Push,2026-06-09T10:53:25Z,2026-06-09T11:53:08Z,"80,0",Flys (Masch.),Machine,8,"55,0",,,Done,false,,,"Chest,Deltoids",
Push,2026-06-09T10:53:25Z,2026-06-09T11:53:08Z,"80,0",Flys (Masch.),Machine,5,"55,0",,,Done,false,,,"Chest,Deltoids",
Push,2026-06-09T10:53:25Z,2026-06-09T11:53:08Z,"80,0",Brustpresse,Machine,4,"42,5",,,Done,false,,,"Chest,Triceps,Deltoids",
Push,2026-06-09T10:53:25Z,2026-06-09T11:53:08Z,"80,0",Brustpresse,Machine,5,"40,0",,,Done,false,,,"Chest,Triceps,Deltoids",
Push,2026-06-09T10:53:25Z,2026-06-09T11:53:08Z,"80,0",Seitenheben (Masch.),Machine,5,"30,0",,,Done,false,,,"Deltoids,Trapezius",
Push,2026-06-09T10:53:25Z,2026-06-09T11:53:08Z,"80,0",Seitenheben (Masch.),Machine,5,"27,5",,,Done,false,,,"Deltoids,Trapezius",
Push,2026-06-09T10:53:25Z,2026-06-09T11:53:08Z,"80,0",Seitenheben (Masch.),Machine,6,"27,5",,,Done,false,,,"Deltoids,Trapezius",
Push,2026-06-09T10:53:25Z,2026-06-09T11:53:08Z,"80,0",JM-Press (Multipresse),Machine,7,"30,0",,,Done,false,,,"Triceps,Chest,Deltoids",
Push,2026-06-09T10:53:25Z,2026-06-09T11:53:08Z,"80,0",JM-Press (Multipresse),Machine,6,"30,25",,,Done,false,,,"Triceps,Chest,Deltoids",
Legs,2026-06-10T10:39:13Z,2026-06-10T11:49:08Z,"80,0",Kreuzheben (Konventionell),Barbell,7,"70,0",,,Done,false,,,"Gluteals,Hamstrings,Quadriceps,Back (Lower),Trapezius",
Legs,2026-06-10T10:39:13Z,2026-06-10T11:49:08Z,"80,0",Kreuzheben (Konventionell),Barbell,6,"70,0",,,Done,false,,,"Gluteals,Hamstrings,Quadriceps,Back (Lower),Trapezius",
Legs,2026-06-10T10:39:13Z,2026-06-10T11:49:08Z,"80,0",Kreuzheben (Konventionell),Barbell,7,"70,0",,,Done,false,,,"Gluteals,Hamstrings,Quadriceps,Back (Lower),Trapezius",
Legs,2026-06-10T10:39:13Z,2026-06-10T11:49:08Z,"80,0",Beinpresse (Sitzend),Machine,9,"60,0",,,Done,false,,,"Quadriceps,Gluteals,Hamstrings,Adductors",
Legs,2026-06-10T10:39:13Z,2026-06-10T11:49:08Z,"80,0",Beinpresse (Sitzend),Machine,7,"62,5",,,Done,false,,,"Quadriceps,Gluteals,Hamstrings,Adductors",
Legs,2026-06-10T10:39:13Z,2026-06-10T11:49:08Z,"80,0",Beinpresse (Sitzend),Machine,6,"62,5",,,Done,false,,,"Quadriceps,Gluteals,Hamstrings,Adductors",
Legs,2026-06-10T10:39:13Z,2026-06-10T11:49:08Z,"80,0",Beinbeuger (Sitzend),Machine,10,"62,5",,,Done,false,,,Hamstrings,
Legs,2026-06-10T10:39:13Z,2026-06-10T11:49:08Z,"80,0",Beinbeuger (Sitzend),Machine,12,"65,0",,,Done,false,,,Hamstrings,
Legs,2026-06-10T10:39:13Z,2026-06-10T11:49:08Z,"80,0",Beinbeuger (Sitzend),Machine,8,"70,0",,,Done,false,,,Hamstrings,
Legs,2026-06-10T10:39:13Z,2026-06-10T11:49:08Z,"80,0",Beinstrecker (Masch.),Machine,8,"42,5",,,Done,false,,,Quadriceps,
Legs,2026-06-10T10:39:13Z,2026-06-10T11:49:08Z,"80,0",Beinstrecker (Masch.),Machine,9,"45,0",,,Done,false,,,Quadriceps,
Upper,2026-06-13T09:54:25Z,2026-06-13T11:12:22Z,"80,0",Schulterdrücken (Masch.),Machine,4,"30,0",,,Done,false,,,"Deltoids,Triceps,Trapezius",
Upper,2026-06-13T09:54:25Z,2026-06-13T11:12:22Z,"80,0",Schulterdrücken (Masch.),Machine,5,"27,5",,,Done,false,,,"Deltoids,Triceps,Trapezius",
Upper,2026-06-13T09:54:25Z,2026-06-13T11:12:22Z,"80,0",T-Bar Rudern (Brustgestützt),Machine,7,"45,0",,,Done,false,,,"Lats,Biceps,Trapezius",
Upper,2026-06-13T09:54:25Z,2026-06-13T11:12:22Z,"80,0",T-Bar Rudern (Brustgestützt),Machine,6,"45,0",,,Done,false,,,"Lats,Biceps,Trapezius",
Upper,2026-06-13T09:54:25Z,2026-06-13T11:12:22Z,"80,0",T-Bar Rudern (Brustgestützt),Machine,6,"45,0",,,Done,false,,,"Lats,Biceps,Trapezius",
Upper,2026-06-13T09:54:25Z,2026-06-13T11:12:22Z,"80,0",Flys (Masch.),Machine,7,"57,5",,,Done,false,,,"Chest,Deltoids",
Upper,2026-06-13T09:54:25Z,2026-06-13T11:12:22Z,"80,0",Flys (Masch.),Machine,5,"55,0",,,Done,false,,,"Chest,Deltoids",
Upper,2026-06-13T09:54:25Z,2026-06-13T11:12:22Z,"80,0",Seitenheben (Masch.),Machine,8,"30,0",,,Done,false,,,"Deltoids,Trapezius",
Upper,2026-06-13T09:54:25Z,2026-06-13T11:12:22Z,"80,0",Seitenheben (Masch.),Machine,5,"30,0",,,Done,false,,,"Deltoids,Trapezius",
Upper,2026-06-13T09:54:25Z,2026-06-13T11:12:22Z,"80,0",Preacher Curls (Masch.),Machine,9,"30,0",,,Done,false,,,Biceps,
Upper,2026-06-13T09:54:25Z,2026-06-13T11:12:22Z,"80,0",Preacher Curls (Masch.),Machine,4,"30,0",,,Done,false,,,Biceps,
Upper,2026-06-13T09:54:25Z,2026-06-13T11:12:22Z,"80,0",JM-Press (Multipresse),Machine,10,"30,0",,,Done,false,,,"Triceps,Chest,Deltoids",
Upper,2026-06-13T09:54:25Z,2026-06-13T11:12:22Z,"80,0",JM-Press (Multipresse),Machine,7,"30,0",,,Done,false,,,"Triceps,Chest,Deltoids",
Upper,2026-06-13T09:54:25Z,2026-06-13T11:12:22Z,"80,0",Klimmzüge (Breit),None,6,"80,0",,,Done,false,,,"Lats,Biceps,Trapezius",
Upper,2026-06-13T09:54:25Z,2026-06-13T11:12:22Z,"80,0",Klimmzüge (Breit),None,4,"80,0",,,Done,false,,,"Lats,Biceps,Trapezius",
Pull,2026-06-15T10:32:30Z,2026-06-15T11:33:02Z,"78,0",T-Bar Rudern (Brustgestützt),Machine,11,"45,0",,,Done,false,,,"Lats,Biceps,Trapezius",
Pull,2026-06-15T10:32:30Z,2026-06-15T11:33:02Z,"78,0",T-Bar Rudern (Brustgestützt),Machine,7,"50,0",,,Done,false,,,"Lats,Biceps,Trapezius",
Pull,2026-06-15T10:32:30Z,2026-06-15T11:33:02Z,"78,0",T-Bar Rudern (Brustgestützt),Machine,6,"50,0",,,Done,false,,,"Lats,Biceps,Trapezius",
Pull,2026-06-15T10:32:30Z,2026-06-15T11:33:02Z,"78,0",Latziehen (Eng),Cables,7,"57,0",,,Done,false,,,"Lats,Biceps,Trapezius",
Pull,2026-06-15T10:32:30Z,2026-06-15T11:33:02Z,"78,0",Latziehen (Eng),Cables,8,"57,0",,,Done,false,,,"Lats,Biceps,Trapezius",
Pull,2026-06-15T10:32:30Z,2026-06-15T11:33:02Z,"78,0",Latziehen (Eng),Cables,4,"67,0",,,Done,false,,,"Lats,Biceps,Trapezius",
Pull,2026-06-15T10:32:30Z,2026-06-15T11:33:02Z,"78,0","Rudermaschine (Brustgestützt, Eng)",Machine,9,"50,0",,,Done,false,,,"Lats,Biceps,Trapezius",
Pull,2026-06-15T10:32:30Z,2026-06-15T11:33:02Z,"78,0","Rudermaschine (Brustgestützt, Eng)",Machine,10,"50,0",,,Done,false,,,"Lats,Biceps,Trapezius",
Pull,2026-06-15T10:32:30Z,2026-06-15T11:33:02Z,"78,0",Klimmzüge (Breit),None,3,"78,0",,,Done,false,,,"Lats,Biceps,Trapezius",
Pull,2026-06-15T10:32:30Z,2026-06-15T11:33:02Z,"78,0",Klimmzüge (Breit),None,4,"78,0",,,Failed,false,,,"Lats,Biceps,Trapezius",
Pull,2026-06-15T10:32:30Z,2026-06-15T11:33:02Z,"78,0",Preacher Curls (Masch.),Machine,4,"35,0",,,Done,false,,,Biceps,
Pull,2026-06-15T10:32:30Z,2026-06-15T11:33:02Z,"78,0",Preacher Curls (Masch.),Machine,5,"30,0",,,Done,false,,,Biceps,
Workout,2026-06-16T08:02:51Z,2026-06-16T09:57:01Z,"78,0",Curls (Kabel),Cables,6,"26,25",,,Done,false,,,Biceps,
Workout,2026-06-16T08:02:51Z,2026-06-16T09:57:01Z,"78,0",Curls (Kabel),Cables,7,"23,25",,,Done,false,,,Biceps,
Workout,2026-06-16T08:02:51Z,2026-06-16T09:57:01Z,"78,0",Curls (Kabel),Cables,7,"23,25",,,Done,false,,,Biceps,
Legs,2026-06-17T15:31:44Z,2026-06-17T16:54:16Z,"78,0",Kreuzheben (Konventionell),Barbell,6,"80,0",,,Done,false,,,"Gluteals,Hamstrings,Quadriceps,Back (Lower),Trapezius",
Legs,2026-06-17T15:31:44Z,2026-06-17T16:54:16Z,"78,0",Kreuzheben (Konventionell),Barbell,7,"75,0",,,Done,false,,,"Gluteals,Hamstrings,Quadriceps,Back (Lower),Trapezius",
Legs,2026-06-17T15:31:44Z,2026-06-17T16:54:16Z,"78,0",Kreuzheben (Konventionell),Barbell,6,"75,0",,,Done,false,,,"Gluteals,Hamstrings,Quadriceps,Back (Lower),Trapezius",
Legs,2026-06-17T15:31:44Z,2026-06-17T16:54:16Z,"78,0",Beinbeuger (Sitzend),Machine,8,"70,0",,,Done,false,,,Hamstrings,
Legs,2026-06-17T15:31:44Z,2026-06-17T16:54:16Z,"78,0",Beinbeuger (Sitzend),Machine,9,"70,0",,,Done,false,,,Hamstrings,
Legs,2026-06-17T15:31:44Z,2026-06-17T16:54:16Z,"78,0",Beinbeuger (Sitzend),Machine,7,"72,5",,,Done,false,,,Hamstrings,
Legs,2026-06-17T15:31:44Z,2026-06-17T16:54:16Z,"78,0",Beinstrecker (Masch.),Machine,10,"45,0",,,Done,false,,,Quadriceps,
Legs,2026-06-17T15:31:44Z,2026-06-17T16:54:16Z,"78,0",Beinstrecker (Masch.),Machine,9,"47,5",,,Done,false,,,Quadriceps,
Legs,2026-06-17T15:31:44Z,2026-06-17T16:54:16Z,"78,0",Beinpresse (Sitzend),Machine,9,"65,0",,,Done,false,,,"Quadriceps,Gluteals,Hamstrings,Adductors",
Legs,2026-06-17T15:31:44Z,2026-06-17T16:54:16Z,"78,0",Beinpresse (45 Grad),Machine,9,"80,0",,,Done,false,,,"Quadriceps,Gluteals,Hamstrings,Adductors",
Legs,2026-06-17T15:31:44Z,2026-06-17T16:54:16Z,"78,0",Beinpresse (45 Grad),Machine,9,"80,0",,,Done,false,,,"Quadriceps,Gluteals,Hamstrings,Adductors",
Upper,2026-06-19T13:10:49Z,2026-06-19T14:40:59Z,"80,0",Schulterdrücken (Masch.),Machine,4,"35,0",,,Done,false,,,"Deltoids,Triceps,Trapezius",
Upper,2026-06-19T13:10:49Z,2026-06-19T14:40:59Z,"80,0",Schulterdrücken (Masch.),Machine,5,"30,0",,,Done,false,,,"Deltoids,Triceps,Trapezius",
Upper,2026-06-19T13:10:49Z,2026-06-19T14:40:59Z,"80,0",T-Bar Rudern (Brustgestützt),Machine,10,"50,0",,,Done,false,,,"Lats,Biceps,Trapezius",
Upper,2026-06-19T13:10:49Z,2026-06-19T14:40:59Z,"80,0",T-Bar Rudern (Brustgestützt),Machine,7,"50,0",,,Done,false,,,"Lats,Biceps,Trapezius",
Upper,2026-06-19T13:10:49Z,2026-06-19T14:40:59Z,"80,0",T-Bar Rudern (Brustgestützt),Machine,6,"50,0",,,Done,false,,,"Lats,Biceps,Trapezius",
Upper,2026-06-19T13:10:49Z,2026-06-19T14:40:59Z,"80,0",Flys (Masch.),Machine,8,"57,5",,,Done,false,,,"Chest,Deltoids",
Upper,2026-06-19T13:10:49Z,2026-06-19T14:40:59Z,"80,0",Flys (Masch.),Machine,5,"57,5",,,Done,false,,,"Chest,Deltoids",
Upper,2026-06-19T13:10:49Z,2026-06-19T14:40:59Z,"80,0",Seitenheben (Masch.),Machine,7,"30,0",,,Done,false,,,"Deltoids,Trapezius",
Upper,2026-06-19T13:10:49Z,2026-06-19T14:40:59Z,"80,0",Seitenheben (Masch.),Machine,6,"30,0",,,Done,false,,,"Deltoids,Trapezius",
Upper,2026-06-19T13:10:49Z,2026-06-19T14:40:59Z,"80,0",Preacher Curls (Masch.),Machine,6,"30,0",,,Done,false,,,Biceps,
Upper,2026-06-19T13:10:49Z,2026-06-19T14:40:59Z,"80,0",Preacher Curls (Masch.),Machine,3,"30,0",,,Done,false,,,Biceps,
Upper,2026-06-19T13:10:49Z,2026-06-19T14:40:59Z,"80,0",Klimmzüge (Breit),None,4,"80,0",,,Done,false,,,"Lats,Biceps,Trapezius",
Upper,2026-06-19T13:10:49Z,2026-06-19T14:40:59Z,"80,0",Klimmzüge (Breit),None,5,"80,0",,,Done,false,,,"Lats,Biceps,Trapezius",
Upper,2026-06-19T13:10:49Z,2026-06-19T14:40:59Z,"80,0",Klimmzüge (Breit),None,5,"80,0",,,Done,false,,,"Lats,Biceps,Trapezius",
Lower,2026-06-20T13:37:26Z,2026-06-20T14:49:40Z,"80,0",Squat (LH),Barbell,8,"55,0",,,Done,false,,,"Quadriceps,Gluteals,Hamstrings,Adductors,Back (Lower)",
Lower,2026-06-20T13:37:26Z,2026-06-20T14:49:40Z,"80,0",Squat (LH),Barbell,4,"55,0",,,Done,false,,,"Quadriceps,Gluteals,Hamstrings,Adductors,Back (Lower)",
Lower,2026-06-20T13:37:26Z,2026-06-20T14:49:40Z,"80,0",Beinbeuger (Sitzend),Machine,7,"72,5",,,Done,false,,,Hamstrings,
Lower,2026-06-20T13:37:26Z,2026-06-20T14:49:40Z,"80,0",Beinbeuger (Sitzend),Machine,8,"72,5",,,Done,false,,,Hamstrings,
Lower,2026-06-20T13:37:26Z,2026-06-20T14:49:40Z,"80,0",Beinbeuger (Sitzend),Machine,5,"72,5",,,Done,false,,,Hamstrings,
Lower,2026-06-20T13:37:26Z,2026-06-20T14:49:40Z,"80,0",Beinstrecker (Masch.),Machine,12,"47,5",,,Done,false,,,Quadriceps,
Lower,2026-06-20T13:37:26Z,2026-06-20T14:49:40Z,"80,0",Beinstrecker (Masch.),Machine,10,"50,0",,,Done,false,,,Quadriceps,
Lower,2026-06-20T13:37:26Z,2026-06-20T14:49:40Z,"80,0",Beinstrecker (Masch.),Machine,6,"50,0",,,Done,false,,,Quadriceps,
Lower,2026-06-20T13:37:26Z,2026-06-20T14:49:40Z,"80,0",Flys (Masch.),Machine,6,"57,5",,,Done,false,,,"Chest,Deltoids",
Lower,2026-06-20T13:37:26Z,2026-06-20T14:49:40Z,"80,0",Flys (Masch.),Machine,4,"57,5",,,Done,false,,,"Chest,Deltoids",
Pull,2026-06-22T19:47:40Z,2026-06-22T20:50:15Z,"80,0",T-Bar Rudern (Brustgestützt),Machine,11,"50,0",,,Done,false,,,"Lats,Biceps,Trapezius",
Pull,2026-06-22T19:47:40Z,2026-06-22T20:50:15Z,"80,0",T-Bar Rudern (Brustgestützt),Machine,6,"50,0",,,Done,false,,,"Lats,Biceps,Trapezius",
Pull,2026-06-22T19:47:40Z,2026-06-22T20:50:15Z,"80,0",T-Bar Rudern (Brustgestützt),Machine,5,"50,0",,,Done,false,,,"Lats,Biceps,Trapezius",
Pull,2026-06-22T19:47:40Z,2026-06-22T20:50:15Z,"80,0",Latziehen (Eng),Cables,10,"57,0",,,Done,false,,,"Lats,Biceps,Trapezius",
Pull,2026-06-22T19:47:40Z,2026-06-22T20:50:15Z,"80,0",Latziehen (Eng),Cables,8,"57,0",,,Done,false,,,"Lats,Biceps,Trapezius",
Pull,2026-06-22T19:47:40Z,2026-06-22T20:50:15Z,"80,0",Latziehen (Eng),Cables,7,"67,0",,,Done,false,,,"Lats,Biceps,Trapezius",
Pull,2026-06-22T19:47:40Z,2026-06-22T20:50:15Z,"80,0","Rudermaschine (Brustgestützt, Eng)",Machine,10,"50,0",,,Done,false,,,"Lats,Biceps,Trapezius",
Pull,2026-06-22T19:47:40Z,2026-06-22T20:50:15Z,"80,0","Rudermaschine (Brustgestützt, Eng)",Machine,9,"50,0",,,Done,false,,,"Lats,Biceps,Trapezius",
Pull,2026-06-22T19:47:40Z,2026-06-22T20:50:15Z,"80,0",Klimmzüge (Breit),None,5,"80,0",,,Done,false,,,"Lats,Biceps,Trapezius",
Pull,2026-06-22T19:47:40Z,2026-06-22T20:50:15Z,"80,0",Klimmzüge (Breit),None,5,"80,0",,,Done,false,,,"Lats,Biceps,Trapezius",
Pull,2026-06-22T19:47:40Z,2026-06-22T20:50:15Z,"80,0",Preacher Curls (Masch.),Machine,4,"30,0",,,Done,false,,,Biceps,
Push,2026-06-23T20:00:31Z,2026-06-23T20:49:13Z,"80,0",Flys (Masch.),Machine,6,"57,5",,,Done,false,,,"Chest,Deltoids",
Push,2026-06-23T20:00:31Z,2026-06-23T20:49:13Z,"80,0",Flys (Masch.),Machine,5,"57,5",,,Done,false,,,"Chest,Deltoids",
Push,2026-06-23T20:00:31Z,2026-06-23T20:49:13Z,"80,0",Flys (Masch.),Machine,3,"55,0",,,Done,false,,,"Chest,Deltoids",
Push,2026-06-23T20:00:31Z,2026-06-23T20:49:13Z,"80,0",Seitenheben (Masch.),Machine,6,"30,0",,,Done,false,,,"Deltoids,Trapezius",
Push,2026-06-23T20:00:31Z,2026-06-23T20:49:13Z,"80,0",Seitenheben (Masch.),Machine,6,"27,5",,,Done,false,,,"Deltoids,Trapezius",
Push,2026-06-23T20:00:31Z,2026-06-23T20:49:13Z,"80,0",Seitenheben (Masch.),Machine,4,"27,5",,,Done,false,,,"Deltoids,Trapezius",
Legs,2026-06-25T11:01:29Z,2026-06-25T12:37:39Z,"80,0",Kreuzheben (Konventionell),Barbell,4,"70,0",,,Done,false,,,"Gluteals,Hamstrings,Quadriceps,Back (Lower),Trapezius",
Legs,2026-06-25T11:01:29Z,2026-06-25T12:37:39Z,"80,0",Kreuzheben (Konventionell),Barbell,7,"70,0",,,Done,false,,,"Gluteals,Hamstrings,Quadriceps,Back (Lower),Trapezius",
Legs,2026-06-25T11:01:29Z,2026-06-25T12:37:39Z,"80,0",Beinpresse (45 Grad),Machine,9,"80,0",,,Done,false,,,"Quadriceps,Gluteals,Hamstrings,Adductors",
Legs,2026-06-25T11:01:29Z,2026-06-25T12:37:39Z,"80,0",Beinpresse (45 Grad),Machine,8,"85,0",,,Done,false,,,"Quadriceps,Gluteals,Hamstrings,Adductors",
Legs,2026-06-25T11:01:29Z,2026-06-25T12:37:39Z,"80,0",Beinpresse (45 Grad),Machine,8,"85,0",,,Done,false,,,"Quadriceps,Gluteals,Hamstrings,Adductors",
Legs,2026-06-25T11:01:29Z,2026-06-25T12:37:39Z,"80,0",Beinbeuger (Sitzend),Machine,7,"72,5",,,Done,false,,,Hamstrings,
Legs,2026-06-25T11:01:29Z,2026-06-25T12:37:39Z,"80,0",Beinbeuger (Sitzend),Machine,6,"72,5",,,Done,false,,,Hamstrings,
Legs,2026-06-25T11:01:29Z,2026-06-25T12:37:39Z,"80,0",Beinbeuger (Sitzend),Machine,7,"72,5",,,Done,false,,,Hamstrings,
Legs,2026-06-25T11:01:29Z,2026-06-25T12:37:39Z,"80,0",Beinstrecker (Masch.),Machine,12,"55,0",,,Done,false,,,Quadriceps,
Legs,2026-06-25T11:01:29Z,2026-06-25T12:37:39Z,"80,0",Beinstrecker (Masch.),Machine,9,"55,0",,,Done,false,,,Quadriceps,
Pull,2026-06-29T14:04:20Z,2026-06-29T15:32:35Z,"80,0",T-Bar Rudern (Brustgestützt),Machine,6,"55,0",,,Done,false,,,"Lats,Biceps,Trapezius",
Pull,2026-06-29T14:04:20Z,2026-06-29T15:32:35Z,"80,0",T-Bar Rudern (Brustgestützt),Machine,6,"50,0",,,Done,false,,,"Lats,Biceps,Trapezius",
Pull,2026-06-29T14:04:20Z,2026-06-29T15:32:35Z,"80,0",T-Bar Rudern (Brustgestützt),Machine,7,"50,0",,,Done,false,,,"Lats,Biceps,Trapezius",
Pull,2026-06-29T14:04:20Z,2026-06-29T15:32:35Z,"80,0",Latziehen (Eng),Cables,7,"67,0",,,Done,false,,,"Lats,Biceps,Trapezius",
Pull,2026-06-29T14:04:20Z,2026-06-29T15:32:35Z,"80,0",Latziehen (Eng),Cables,5,"67,0",,,Done,false,,,"Lats,Biceps,Trapezius",
Pull,2026-06-29T14:04:20Z,2026-06-29T15:32:35Z,"80,0",Latziehen (Eng),Cables,8,"57,0",,,Done,false,,,"Lats,Biceps,Trapezius",
Pull,2026-06-29T14:04:20Z,2026-06-29T15:32:35Z,"80,0","Rudermaschine (Brustgestützt, Eng)",Machine,9,"55,0",,,Done,false,,,"Lats,Biceps,Trapezius",
Pull,2026-06-29T14:04:20Z,2026-06-29T15:32:35Z,"80,0","Rudermaschine (Brustgestützt, Eng)",Machine,7,"55,0",,,Done,false,,,"Lats,Biceps,Trapezius",
Pull,2026-06-29T14:04:20Z,2026-06-29T15:32:35Z,"80,0",Klimmzüge (Breit),None,5,"80,0",,,Done,false,,,"Lats,Biceps,Trapezius",
Pull,2026-06-29T14:04:20Z,2026-06-29T15:32:35Z,"80,0",Klimmzüge (Breit),None,3,"80,0",,,Done,false,,,"Lats,Biceps,Trapezius",
Pull,2026-06-29T14:04:20Z,2026-06-29T15:32:35Z,"80,0",Preacher Curls (Masch.),Machine,5,"35,0",,,Done,false,,,Biceps,
Pull,2026-06-29T14:04:20Z,2026-06-29T15:32:35Z,"80,0",Preacher Curls (Masch.),Machine,4,"30,0",,,Done,false,,,Biceps,
Push,2026-06-30T19:43:22Z,2026-06-30T20:44:17Z,"80,0",Schrägbankdrücken (Multipresse),Machine,6,"50,0",,,Done,false,,,"Chest,Deltoids,Triceps",
Push,2026-06-30T19:43:22Z,2026-06-30T20:44:17Z,"80,0",Schrägbankdrücken (Multipresse),Machine,6,"50,0",,,Done,false,,,"Chest,Deltoids,Triceps",
Push,2026-06-30T19:43:22Z,2026-06-30T20:44:17Z,"80,0",Schrägbankdrücken (Multipresse),Machine,7,"50,0",,,Done,false,,,"Chest,Deltoids,Triceps",
Push,2026-06-30T19:43:22Z,2026-06-30T20:44:17Z,"80,0",Flys (Masch.),Machine,4,"57,5",,,Done,false,,,"Chest,Deltoids",
Push,2026-06-30T19:43:22Z,2026-06-30T20:44:17Z,"80,0",Flys (Masch.),Machine,7,"50,0",,,Done,false,,,"Chest,Deltoids",
Push,2026-06-30T19:43:22Z,2026-06-30T20:44:17Z,"80,0",Seitenheben (Masch.),Machine,8,"30,0",,,Done,false,,,"Deltoids,Trapezius",
Push,2026-06-30T19:43:22Z,2026-06-30T20:44:17Z,"80,0",Seitenheben (Masch.),Machine,7,"27,5",,,Done,false,,,"Deltoids,Trapezius",
Push,2026-06-30T19:43:22Z,2026-06-30T20:44:17Z,"80,0",Seitenheben (Masch.),Machine,4,"27,5",,,Done,false,,,"Deltoids,Trapezius",
Push,2026-06-30T19:43:22Z,2026-06-30T20:44:17Z,"80,0","Trizepspushdowns (Seil, Einarmig, Rechts)",Cables,8,"8,75",,,Done,false,,,Triceps,
Push,2026-06-30T19:43:22Z,2026-06-30T20:44:17Z,"80,0","Trizepspushdowns (Seil, Einarmig, Rechts)",Cables,13,"8,75",,,Done,false,,,Triceps,
Push,2026-06-30T19:43:22Z,2026-06-30T20:44:17Z,"80,0","Trizepspushdowns (Seil, Einarmig, Links)",Cables,6,"8,75",,,Done,false,,,Triceps,
Push,2026-06-30T19:43:22Z,2026-06-30T20:44:17Z,"80,0","Trizepspushdowns (Seil, Einarmig, Links)",Cables,6,"8,75",,,Done,false,,,Triceps,
Legs,2026-07-01T19:35:14Z,2026-07-01T20:49:50Z,"80,0",Kreuzheben (Konventionell),Barbell,7,"70,0",,,Done,false,,,"Gluteals,Hamstrings,Quadriceps,Back (Lower),Trapezius",
Legs,2026-07-01T19:35:14Z,2026-07-01T20:49:50Z,"80,0",Kreuzheben (Konventionell),Barbell,5,"70,0",,,Done,false,,,"Gluteals,Hamstrings,Quadriceps,Back (Lower),Trapezius",
Legs,2026-07-01T19:35:14Z,2026-07-01T20:49:50Z,"80,0",Beinpresse (45 Grad),Machine,9,"90,0",,,Done,false,,,"Quadriceps,Gluteals,Hamstrings,Adductors",
Legs,2026-07-01T19:35:14Z,2026-07-01T20:49:50Z,"80,0",Beinpresse (45 Grad),Machine,7,"100,0",,,Done,false,,,"Quadriceps,Gluteals,Hamstrings,Adductors",
Legs,2026-07-01T19:35:14Z,2026-07-01T20:49:50Z,"80,0",Beinpresse (45 Grad),Machine,6,"100,0",,,Done,false,,,"Quadriceps,Gluteals,Hamstrings,Adductors",
Legs,2026-07-01T19:35:14Z,2026-07-01T20:49:50Z,"80,0",Beinbeuger (Sitzend),Machine,9,"72,5",,,Done,false,,,Hamstrings,
Legs,2026-07-01T19:35:14Z,2026-07-01T20:49:50Z,"80,0",Beinbeuger (Sitzend),Machine,6,"72,5",,,Done,false,,,Hamstrings,
Legs,2026-07-01T19:35:14Z,2026-07-01T20:49:50Z,"80,0",Beinbeuger (Sitzend),Machine,5,"72,5",,,Done,false,,,Hamstrings,
Legs,2026-07-01T19:35:14Z,2026-07-01T20:49:50Z,"80,0",Beinstrecker (Masch.),Machine,8,"57,5",,,Done,false,,,Quadriceps,
Legs,2026-07-01T19:35:14Z,2026-07-01T20:49:50Z,"80,0",Beinstrecker (Masch.),Machine,8,"57,5",,,Done,false,,,Quadriceps,
Upper,2026-07-04T13:31:47Z,2026-07-04T15:17:12Z,"80,0",Schulterdrücken (Masch.),Machine,6,"27,5",,,Done,false,,,"Deltoids,Triceps,Trapezius",
Upper,2026-07-04T13:31:47Z,2026-07-04T15:17:12Z,"80,0",Schulterdrücken (Masch.),Machine,5,"27,5",,,Done,false,,,"Deltoids,Triceps,Trapezius",
Upper,2026-07-04T13:31:47Z,2026-07-04T15:17:12Z,"80,0",T-Bar Rudern (Brustgestützt),Machine,8,"55,0",,,Done,false,,,"Lats,Biceps,Trapezius",
Upper,2026-07-04T13:31:47Z,2026-07-04T15:17:12Z,"80,0",T-Bar Rudern (Brustgestützt),Machine,6,"55,0",,,Done,false,,,"Lats,Biceps,Trapezius",
Upper,2026-07-04T13:31:47Z,2026-07-04T15:17:12Z,"80,0",T-Bar Rudern (Brustgestützt),Machine,5,"55,0",,,Done,false,,,"Lats,Biceps,Trapezius",
Upper,2026-07-04T13:31:47Z,2026-07-04T15:17:12Z,"80,0",Flys (Masch.),Machine,5,"57,5",,,Done,false,,,"Chest,Deltoids",
Upper,2026-07-04T13:31:47Z,2026-07-04T15:17:12Z,"80,0",Flys (Masch.),Machine,5,"55,0",,,Done,false,,,"Chest,Deltoids",
Upper,2026-07-04T13:31:47Z,2026-07-04T15:17:12Z,"80,0",Seitenheben (Masch.),Machine,6,"27,5",,,Done,false,,,"Deltoids,Trapezius",
Upper,2026-07-04T13:31:47Z,2026-07-04T15:17:12Z,"80,0",Seitenheben (Masch.),Machine,6,"27,5",,,Done,false,,,"Deltoids,Trapezius",
Upper,2026-07-04T13:31:47Z,2026-07-04T15:17:12Z,"80,0","Trizepspushdowns (Seil, Einarmig, Rechts)",Cables,7,"11,25",,,Done,false,,,Triceps,
Upper,2026-07-04T13:31:47Z,2026-07-04T15:17:12Z,"80,0","Trizepspushdowns (Seil, Einarmig, Rechts)",Cables,8,"11,25",,,Done,false,,,Triceps,
Upper,2026-07-04T13:31:47Z,2026-07-04T15:17:12Z,"80,0","Trizepspushdowns (Seil, Einarmig, Links)",Cables,14,"8,75",,,Done,false,,,Triceps,
Upper,2026-07-04T13:31:47Z,2026-07-04T15:17:12Z,"80,0","Trizepspushdowns (Seil, Einarmig, Links)",Cables,6,"11,25",,,Done,false,,,Triceps,
Upper,2026-07-04T13:31:47Z,2026-07-04T15:17:12Z,"80,0",Preacher Curls (Masch.),Machine,7,"35,0",,,Done,false,,,Biceps,
Upper,2026-07-04T13:31:47Z,2026-07-04T15:17:12Z,"80,0",Preacher Curls (Masch.),Machine,4,"35,0",,,Done,false,,,Biceps,
Upper,2026-07-04T13:31:47Z,2026-07-04T15:17:12Z,"80,0",Klimmzüge (Breit),None,8,"80,0",,,Done,false,,,"Lats,Biceps,Trapezius",
Upper,2026-07-04T13:31:47Z,2026-07-04T15:17:12Z,"80,0",Klimmzüge (Breit),None,5,"80,0",,,Done,false,,,"Lats,Biceps,Trapezius",
Pull,2026-07-06T18:07:56Z,2026-07-06T19:11:33Z,"80,0",T-Bar Rudern (Brustgestützt),Machine,9,"55,0",,,Done,false,,,"Lats,Biceps,Trapezius",
Pull,2026-07-06T18:07:56Z,2026-07-06T19:11:33Z,"80,0",T-Bar Rudern (Brustgestützt),Machine,7,"55,0",,,Done,false,,,"Lats,Biceps,Trapezius",
Pull,2026-07-06T18:07:56Z,2026-07-06T19:11:33Z,"80,0",T-Bar Rudern (Brustgestützt),Machine,5,"55,0",,,Done,false,,,"Lats,Biceps,Trapezius",
Pull,2026-07-06T18:07:56Z,2026-07-06T19:11:33Z,"80,0",Latziehen (Eng),Cables,8,"67,0",,,Done,false,,,"Lats,Biceps,Trapezius",
Pull,2026-07-06T18:07:56Z,2026-07-06T19:11:33Z,"80,0",Latziehen (Eng),Cables,5,"67,0",,,Done,false,,,"Lats,Biceps,Trapezius",
Pull,2026-07-06T18:07:56Z,2026-07-06T19:11:33Z,"80,0",Latziehen (Eng),Cables,5,"67,0",,,Done,false,,,"Lats,Biceps,Trapezius",
Pull,2026-07-06T18:07:56Z,2026-07-06T19:11:33Z,"80,0","Rudermaschine (Brustgestützt, Eng)",Machine,10,"55,0",,,Done,false,,,"Lats,Biceps,Trapezius",
Pull,2026-07-06T18:07:56Z,2026-07-06T19:11:33Z,"80,0","Rudermaschine (Brustgestützt, Eng)",Machine,5,"55,0",,,Done,false,,,"Lats,Biceps,Trapezius",
Pull,2026-07-06T18:07:56Z,2026-07-06T19:11:33Z,"80,0",Klimmzüge (Breit),None,5,"80,0",,,Done,false,,,"Lats,Biceps,Trapezius",
Pull,2026-07-06T18:07:56Z,2026-07-06T19:11:33Z,"80,0",Klimmzüge (Breit),None,3,"80,0",,,Done,false,,,"Lats,Biceps,Trapezius",
Pull,2026-07-06T18:07:56Z,2026-07-06T19:11:33Z,"80,0",Klimmzüge (Breit),None,3,"80,0",,,Done,false,,,"Lats,Biceps,Trapezius",
Pull,2026-07-06T18:07:56Z,2026-07-06T19:11:33Z,"80,0",Preacher Curls (Masch.),Machine,5,"35,0",,,Done,false,,,Biceps,
Pull,2026-07-06T18:07:56Z,2026-07-06T19:11:33Z,"80,0",Preacher Curls (Masch.),Machine,4,"30,0",,,Done,false,,,Biceps,
Push,2026-07-07T20:01:07Z,2026-07-07T20:51:52Z,"80,0",Schrägbankdrücken (Multipresse),Machine,5,"55,0",,,Done,false,,,"Chest,Deltoids,Triceps",
Push,2026-07-07T20:01:07Z,2026-07-07T20:51:52Z,"80,0",Schrägbankdrücken (Multipresse),Machine,7,"50,0",,,Done,false,,,"Chest,Deltoids,Triceps",
Push,2026-07-07T20:01:07Z,2026-07-07T20:51:52Z,"80,0",Schrägbankdrücken (Multipresse),Machine,5,"50,0",,,Done,false,,,"Chest,Deltoids,Triceps",
Push,2026-07-07T20:01:07Z,2026-07-07T20:51:52Z,"80,0",Flys (Masch.),Machine,5,"57,5",,,Done,false,,,"Chest,Deltoids",
Push,2026-07-07T20:01:07Z,2026-07-07T20:51:52Z,"80,0",Flys (Masch.),Machine,4,"55,0",,,Done,false,,,"Chest,Deltoids",
Push,2026-07-07T20:01:07Z,2026-07-07T20:51:52Z,"80,0",Seitenheben (Masch.),Machine,6,"27,5",,,Done,false,,,"Deltoids,Trapezius",
Push,2026-07-07T20:01:07Z,2026-07-07T20:51:52Z,"80,0",Seitenheben (Masch.),Machine,6,"27,5",,,Done,false,,,"Deltoids,Trapezius",
Push,2026-07-07T20:01:07Z,2026-07-07T20:51:52Z,"80,0",Seitenheben (Masch.),Machine,5,"27,5",,,Done,false,,,"Deltoids,Trapezius",
Push,2026-07-07T20:01:07Z,2026-07-07T20:51:52Z,"80,0","Trizepspushdowns (Seil, Einarmig, Rechts)",Cables,8,"11,25",,,Done,false,,,Triceps,
Push,2026-07-07T20:01:07Z,2026-07-07T20:51:52Z,"80,0","Trizepspushdowns (Seil, Einarmig, Rechts)",Cables,6,"11,25",,,Done,false,,,Triceps,
Push,2026-07-07T20:01:07Z,2026-07-07T20:51:52Z,"80,0","Trizepspushdowns (Seil, Einarmig, Links)",Cables,7,"11,25",,,Done,false,,,Triceps,
Push,2026-07-07T20:01:07Z,2026-07-07T20:51:52Z,"80,0","Trizepspushdowns (Seil, Einarmig, Links)",Cables,4,"11,25",,,Done,false,,,Triceps,
Legs,2026-07-08T19:37:19Z,2026-07-08T20:54:21Z,"80,0",Kreuzheben (Konventionell),Barbell,8,"75,0",,,Done,false,,,"Gluteals,Hamstrings,Quadriceps,Back (Lower),Trapezius",
Legs,2026-07-08T19:37:19Z,2026-07-08T20:54:21Z,"80,0",Kreuzheben (Konventionell),Barbell,6,"75,0",,,Done,false,,,"Gluteals,Hamstrings,Quadriceps,Back (Lower),Trapezius",
Legs,2026-07-08T19:37:19Z,2026-07-08T20:54:21Z,"80,0",Beinpresse (45 Grad),Machine,12,"100,0",,,Done,false,,,"Quadriceps,Gluteals,Hamstrings,Adductors",
Legs,2026-07-08T19:37:19Z,2026-07-08T20:54:21Z,"80,0",Beinpresse (45 Grad),Machine,8,"120,0",,,Done,false,,,"Quadriceps,Gluteals,Hamstrings,Adductors",
Legs,2026-07-08T19:37:19Z,2026-07-08T20:54:21Z,"80,0",Beinpresse (45 Grad),Machine,7,"120,0",,,Done,false,,,"Quadriceps,Gluteals,Hamstrings,Adductors",
Legs,2026-07-08T19:37:19Z,2026-07-08T20:54:21Z,"80,0",Beinbeuger (Sitzend),Machine,7,"75,0",,,Done,false,,,Hamstrings,
Legs,2026-07-08T19:37:19Z,2026-07-08T20:54:21Z,"80,0",Beinbeuger (Sitzend),Machine,6,"75,0",,,Done,false,,,Hamstrings,
Legs,2026-07-08T19:37:19Z,2026-07-08T20:54:21Z,"80,0",Beinbeuger (Sitzend),Machine,4,"72,5",,,Done,false,,,Hamstrings,
Legs,2026-07-08T19:37:19Z,2026-07-08T20:54:21Z,"80,0",Beinstrecker (Masch.),Machine,8,"57,5",,,Done,false,,,Quadriceps,
Legs,2026-07-08T19:37:19Z,2026-07-08T20:54:21Z,"80,0",Beinstrecker (Masch.),Machine,6,"57,5",,,Done,false,,,Quadriceps,
Upper,2026-07-10T19:37:11Z,2026-07-10T20:54:23Z,"80,0",Schulterdrücken (Masch.),Machine,7,"27,5",,,Done,false,,,"Deltoids,Triceps,Trapezius",
Upper,2026-07-10T19:37:11Z,2026-07-10T20:54:23Z,"80,0",Schulterdrücken (Masch.),Machine,4,"27,5",,,Done,false,,,"Deltoids,Triceps,Trapezius",
Upper,2026-07-10T19:37:11Z,2026-07-10T20:54:23Z,"80,0",T-Bar Rudern (Brustgestützt),Machine,6,"60,0",,,Done,false,,,"Lats,Biceps,Trapezius",
Upper,2026-07-10T19:37:11Z,2026-07-10T20:54:23Z,"80,0",T-Bar Rudern (Brustgestützt),Machine,5,"60,0",,,Done,false,,,"Lats,Biceps,Trapezius",
Upper,2026-07-10T19:37:11Z,2026-07-10T20:54:23Z,"80,0",T-Bar Rudern (Brustgestützt),Machine,6,"57,5",,,Done,false,,,"Lats,Biceps,Trapezius",
Upper,2026-07-10T19:37:11Z,2026-07-10T20:54:23Z,"80,0",Flys (Masch.),Machine,5,"57,5",,,Done,false,,,"Chest,Deltoids",
Upper,2026-07-10T19:37:11Z,2026-07-10T20:54:23Z,"80,0",Flys (Masch.),Machine,6,"55,0",,,Done,false,,,"Chest,Deltoids",
Upper,2026-07-10T19:37:11Z,2026-07-10T20:54:23Z,"80,0",Seitenheben (Masch.),Machine,6,"27,5",,,Done,false,,,"Deltoids,Trapezius",
Upper,2026-07-10T19:37:11Z,2026-07-10T20:54:23Z,"80,0",Seitenheben (Masch.),Machine,7,"27,5",,,Done,false,,,"Deltoids,Trapezius",
Upper,2026-07-10T19:37:11Z,2026-07-10T20:54:23Z,"80,0","Trizepspushdowns (Seil, Einarmig, Rechts)",Cables,5,"11,25",,,Done,false,,,Triceps,
Upper,2026-07-10T19:37:11Z,2026-07-10T20:54:23Z,"80,0","Trizepspushdowns (Seil, Einarmig, Rechts)",Cables,4,"11,25",,,Done,false,,,Triceps,
Upper,2026-07-10T19:37:11Z,2026-07-10T20:54:23Z,"80,0","Trizepspushdowns (Seil, Einarmig, Links)",Cables,6,"11,25",,,Done,false,,,Triceps,
Upper,2026-07-10T19:37:11Z,2026-07-10T20:54:23Z,"80,0","Trizepspushdowns (Seil, Einarmig, Links)",Cables,5,"8,75",,,Done,false,,,Triceps,
Upper,2026-07-10T19:37:11Z,2026-07-10T20:54:23Z,"80,0",Klimmzüge (Breit),None,7,"80,0",,,Done,false,,,"Lats,Biceps,Trapezius",
Upper,2026-07-10T19:37:11Z,2026-07-10T20:54:23Z,"80,0",Klimmzüge (Breit),None,4,"80,0",,,Done,false,,,"Lats,Biceps,Trapezius",
Lower,2026-07-11T17:07:09Z,2026-07-11T18:40:38Z,"80,0",Squat (LH),Barbell,7,"55,0",,,Done,false,,,"Quadriceps,Gluteals,Hamstrings,Adductors,Back (Lower)",
Lower,2026-07-11T17:07:09Z,2026-07-11T18:40:38Z,"80,0",Squat (LH),Barbell,6,"55,0",,,Done,false,,,"Quadriceps,Gluteals,Hamstrings,Adductors,Back (Lower)",
Lower,2026-07-11T17:07:09Z,2026-07-11T18:40:38Z,"80,0",Beinbeuger (Sitzend),Machine,8,"75,0",,,Done,false,,,Hamstrings,
Lower,2026-07-11T17:07:09Z,2026-07-11T18:40:38Z,"80,0",Beinbeuger (Sitzend),Machine,6,"75,0",,,Done,false,,,Hamstrings,
Lower,2026-07-11T17:07:09Z,2026-07-11T18:40:38Z,"80,0",Beinbeuger (Sitzend),Machine,6,"75,0",,,Done,false,,,Hamstrings,
Lower,2026-07-11T17:07:09Z,2026-07-11T18:40:38Z,"80,0",Beinstrecker (Masch.),Machine,8,"57,5",,,Done,false,,,Quadriceps,
Lower,2026-07-11T17:07:09Z,2026-07-11T18:40:38Z,"80,0",Beinstrecker (Masch.),Machine,9,"60,0",,,Done,false,,,Quadriceps,
Lower,2026-07-11T17:07:09Z,2026-07-11T18:40:38Z,"80,0",Beinstrecker (Masch.),Machine,8,"65,0",,,Done,false,,,Quadriceps,
Lower,2026-07-11T17:07:09Z,2026-07-11T18:40:38Z,"80,0",Bankdrücken (Multipresse),Machine,6,"60,0",,,Done,false,,,"Chest,Triceps,Deltoids",
Lower,2026-07-11T17:07:09Z,2026-07-11T18:40:38Z,"80,0",Bankdrücken (Multipresse),Machine,7,"60,0",,,Done,false,,,"Chest,Triceps,Deltoids",
Lower,2026-07-11T17:07:09Z,2026-07-11T18:40:38Z,"80,0",Bankdrücken (Multipresse),Machine,5,"60,0",,,Done,false,,,"Chest,Triceps,Deltoids",
Lower,2026-07-11T17:07:09Z,2026-07-11T18:40:38Z,"80,0",Flys (Masch.),Machine,6,"57,5",,,Done,false,,,"Chest,Deltoids",
Lower,2026-07-11T17:07:09Z,2026-07-11T18:40:38Z,"80,0",Flys (Masch.),Machine,5,"52,5",,,Done,false,,,"Chest,Deltoids",
Lower,2026-07-11T17:07:09Z,2026-07-11T18:40:38Z,"80,0",Preacher Curls (Masch.),Machine,5,"35,0",,,Done,false,,,Biceps,
Lower,2026-07-11T17:07:09Z,2026-07-11T18:40:38Z,"80,0",Preacher Curls (Masch.),Machine,5,"30,0",,,Done,false,,,Biceps,
Pull,2026-07-13T16:34:19Z,2026-07-13T17:48:52Z,"80,4",T-Bar Rudern (Brustgestützt),Machine,6,"60,0",,,Done,false,,,"Lats,Biceps,Trapezius",
Pull,2026-07-13T16:34:19Z,2026-07-13T17:48:52Z,"80,4",T-Bar Rudern (Brustgestützt),Machine,4,"60,0",,,Done,false,,,"Lats,Biceps,Trapezius",
Pull,2026-07-13T16:34:19Z,2026-07-13T17:48:52Z,"80,4",T-Bar Rudern (Brustgestützt),Machine,5,"55,0",,,Done,false,,,"Lats,Biceps,Trapezius",
Pull,2026-07-13T16:34:19Z,2026-07-13T17:48:52Z,"80,4",Latziehen (Eng),Cables,6,"67,0",,,Done,false,,,"Lats,Biceps,Trapezius",
Pull,2026-07-13T16:34:19Z,2026-07-13T17:48:52Z,"80,4",Latziehen (Eng),Cables,6,"67,0",,,Done,false,,,"Lats,Biceps,Trapezius",
Pull,2026-07-13T16:34:19Z,2026-07-13T17:48:52Z,"80,4",Latziehen (Eng),Cables,3,"67,0",,,Done,false,,,"Lats,Biceps,Trapezius",
Pull,2026-07-13T16:34:19Z,2026-07-13T17:48:52Z,"80,4","Rudermaschine (Brustgestützt, Eng)",Machine,7,"55,0",,,Done,false,,,"Lats,Biceps,Trapezius",
Pull,2026-07-13T16:34:19Z,2026-07-13T17:48:52Z,"80,4","Rudermaschine (Brustgestützt, Eng)",Machine,5,"55,0",,,Done,false,,,"Lats,Biceps,Trapezius",
Pull,2026-07-13T16:34:19Z,2026-07-13T17:48:52Z,"80,4",Klimmzüge (Breit),None,4,"80,4",,,Done,false,,,"Lats,Biceps,Trapezius",
Pull,2026-07-13T16:34:19Z,2026-07-13T17:48:52Z,"80,4",Klimmzüge (Breit),None,4,"80,4",,,Done,false,,,"Lats,Biceps,Trapezius",
Pull,2026-07-13T16:34:19Z,2026-07-13T17:48:52Z,"80,4",Preacher Curls (Masch.),Machine,6,"35,0",,,Done,false,,,Biceps,
Pull,2026-07-13T16:34:19Z,2026-07-13T17:48:52Z,"80,4",Preacher Curls (Masch.),Machine,5,"30,0",,,Done,false,,,Biceps,
Push,2026-07-14T16:19:19Z,2026-07-14T17:36:42Z,"80,4",Schrägbankdrücken (Multipresse),Machine,7,"55,0",,,Done,false,,,"Chest,Deltoids,Triceps",
Push,2026-07-14T16:19:19Z,2026-07-14T17:36:42Z,"80,4",Schrägbankdrücken (Multipresse),Machine,6,"55,0",,,Done,false,,,"Chest,Deltoids,Triceps",
Push,2026-07-14T16:19:19Z,2026-07-14T17:36:42Z,"80,4",Schrägbankdrücken (Multipresse),Machine,2,"55,0",,,Done,false,,,"Chest,Deltoids,Triceps",
Push,2026-07-14T16:19:19Z,2026-07-14T17:36:42Z,"80,4",Flys (Masch.),Machine,8,"57,5",,,Done,false,,,"Chest,Deltoids",
Push,2026-07-14T16:19:19Z,2026-07-14T17:36:42Z,"80,4",Flys (Masch.),Machine,4,"57,5",,,Done,false,,,"Chest,Deltoids",
Push,2026-07-14T16:19:19Z,2026-07-14T17:36:42Z,"80,4",Brustpresse,Machine,5,"42,5",,,Done,false,,,"Chest,Triceps,Deltoids",
Push,2026-07-14T16:19:19Z,2026-07-14T17:36:42Z,"80,4",Brustpresse,Machine,4,"42,5",,,Done,false,,,"Chest,Triceps,Deltoids",
Push,2026-07-14T16:19:19Z,2026-07-14T17:36:42Z,"80,4",Seitenheben (Masch.),Machine,6,"30,0",,,Done,false,,,"Deltoids,Trapezius",
Push,2026-07-14T16:19:19Z,2026-07-14T17:36:42Z,"80,4",Seitenheben (Masch.),Machine,5,"27,5",,,Done,false,,,"Deltoids,Trapezius",
Push,2026-07-14T16:19:19Z,2026-07-14T17:36:42Z,"80,4",Seitenheben (Masch.),Machine,3,"27,5",,,Done,false,,,"Deltoids,Trapezius",
Push,2026-07-14T16:19:19Z,2026-07-14T17:36:42Z,"80,4","Trizepspushdowns (Seil, Einarmig, Rechts)",Cables,5,"11,25",,,Done,false,,,Triceps,
Push,2026-07-14T16:19:19Z,2026-07-14T17:36:42Z,"80,4","Trizepspushdowns (Seil, Einarmig, Rechts)",Cables,5,"11,25",,,Done,false,,,Triceps,
Push,2026-07-14T16:19:19Z,2026-07-14T17:36:42Z,"80,4","Trizepspushdowns (Seil, Einarmig, Links)",Cables,5,"11,25",,,Done,false,,,Triceps,
Push,2026-07-14T16:19:19Z,2026-07-14T17:36:42Z,"80,4","Trizepspushdowns (Seil, Einarmig, Links)",Cables,4,"11,25",,,Done,false,,,Triceps,
Legs,2026-07-15T14:58:15Z,2026-07-15T15:56:00Z,"78,8",Kreuzheben (Konventionell),Barbell,9,"75,0",,,Done,false,,,"Gluteals,Hamstrings,Quadriceps,Back (Lower),Trapezius",
Legs,2026-07-15T14:58:15Z,2026-07-15T15:56:00Z,"78,8",Kreuzheben (Konventionell),Barbell,5,"75,0",,,Done,false,,,"Gluteals,Hamstrings,Quadriceps,Back (Lower),Trapezius",
Legs,2026-07-15T14:58:15Z,2026-07-15T15:56:00Z,"78,8",Beinpresse (45 Grad),Machine,8,"120,0",,,Done,false,,,"Quadriceps,Gluteals,Hamstrings,Adductors",
Legs,2026-07-15T14:58:15Z,2026-07-15T15:56:00Z,"78,8",Beinpresse (45 Grad),Machine,7,"120,0",,,Done,false,,,"Quadriceps,Gluteals,Hamstrings,Adductors",
Legs,2026-07-15T14:58:15Z,2026-07-15T15:56:00Z,"78,8",Beinpresse (45 Grad),Machine,5,"120,0",,,Done,false,,,"Quadriceps,Gluteals,Hamstrings,Adductors",
Legs,2026-07-15T14:58:15Z,2026-07-15T15:56:00Z,"78,8",Beinbeuger (Sitzend),Machine,5,"75,0",,,Done,false,,,Hamstrings,
Legs,2026-07-15T14:58:15Z,2026-07-15T15:56:00Z,"78,8",Beinbeuger (Sitzend),Machine,6,"75,0",,,Done,false,,,Hamstrings,
Legs,2026-07-15T14:58:15Z,2026-07-15T15:56:00Z,"78,8",Beinstrecker (Masch.),Machine,9,"65,0",,,Done,false,,,Quadriceps,
Legs,2026-07-15T14:58:15Z,2026-07-15T15:56:00Z,"78,8",Beinstrecker (Masch.),Machine,8,"65,0",,,Done,false,,,Quadriceps,
Upper,2026-07-17T16:15:21Z,2026-07-17T17:49:44Z,"79,3",T-Bar Rudern (Brustgestützt),Machine,6,"60,0",,,Done,false,,,"Lats,Biceps,Trapezius",
Upper,2026-07-17T16:15:21Z,2026-07-17T17:49:44Z,"79,3",T-Bar Rudern (Brustgestützt),Machine,4,"60,0",,,Done,false,,,"Lats,Biceps,Trapezius",
Upper,2026-07-17T16:15:21Z,2026-07-17T17:49:44Z,"79,3",T-Bar Rudern (Brustgestützt),Machine,5,"55,0",,,Done,false,,,"Lats,Biceps,Trapezius",
Upper,2026-07-17T16:15:21Z,2026-07-17T17:49:44Z,"79,3",Schulterdrücken (Masch.),Machine,8,"27,5",,,Done,false,,,"Deltoids,Triceps,Trapezius",
Upper,2026-07-17T16:15:21Z,2026-07-17T17:49:44Z,"79,3",Schulterdrücken (Masch.),Machine,4,"27,5",,,Done,false,,,"Deltoids,Triceps,Trapezius",
Upper,2026-07-17T16:15:21Z,2026-07-17T17:49:44Z,"79,3",Flys (Masch.),Machine,6,"57,5",,,Done,false,,,"Chest,Deltoids",
Upper,2026-07-17T16:15:21Z,2026-07-17T17:49:44Z,"79,3",Flys (Masch.),Machine,4,"57,5",,,Done,false,,,"Chest,Deltoids",
Upper,2026-07-17T16:15:21Z,2026-07-17T17:49:44Z,"79,3",Seitenheben (Masch.),Machine,7,"27,5",,,Done,false,,,"Deltoids,Trapezius",
Upper,2026-07-17T16:15:21Z,2026-07-17T17:49:44Z,"79,3",Seitenheben (Masch.),Machine,5,"27,5",,,Done,false,,,"Deltoids,Trapezius",
Upper,2026-07-17T16:15:21Z,2026-07-17T17:49:44Z,"79,3","Trizepspushdowns (Seil, Einarmig, Rechts)",Cables,6,"11,25",,,Done,false,,,Triceps,
Upper,2026-07-17T16:15:21Z,2026-07-17T17:49:44Z,"79,3","Trizepspushdowns (Seil, Einarmig, Rechts)",Cables,5,"11,25",,,Done,false,,,Triceps,
Upper,2026-07-17T16:15:21Z,2026-07-17T17:49:44Z,"79,3","Trizepspushdowns (Seil, Einarmig, Links)",Cables,6,"11,25",,,Done,false,,,Triceps,
Upper,2026-07-17T16:15:21Z,2026-07-17T17:49:44Z,"79,3","Trizepspushdowns (Seil, Einarmig, Links)",Cables,5,"11,25",,,Done,false,,,Triceps,
Upper,2026-07-17T16:15:21Z,2026-07-17T17:49:44Z,"79,3",Preacher Curls (Masch.),Machine,7,"35,0",,,Done,false,,,Biceps,
Upper,2026-07-17T16:15:21Z,2026-07-17T17:49:44Z,"79,3",Preacher Curls (Masch.),Machine,2,"35,0",,,Done,false,,,Biceps,
Upper,2026-07-17T16:15:21Z,2026-07-17T17:49:44Z,"79,3",Preacher Curls (Masch.),Machine,4,"30,0",,,Done,false,,,Biceps,
Upper,2026-07-17T16:15:21Z,2026-07-17T17:49:44Z,"79,3",Klimmzüge (Breit),None,5,"79,3",,,Done,false,,,"Lats,Biceps,Trapezius",
Upper,2026-07-17T16:15:21Z,2026-07-17T17:49:44Z,"79,3",Klimmzüge (Breit),None,3,"79,3",,,Done,false,,,"Lats,Biceps,Trapezius",
Lower,2026-07-19T17:17:29Z,2026-07-19T18:38:39Z,"79,3",Squat (LH),Barbell,7,"60,0",,,Done,false,,,"Quadriceps,Gluteals,Hamstrings,Adductors,Back (Lower)",
Lower,2026-07-19T17:17:29Z,2026-07-19T18:38:39Z,"79,3",Squat (LH),Barbell,5,"60,0",,,Done,false,,,"Quadriceps,Gluteals,Hamstrings,Adductors,Back (Lower)",
Lower,2026-07-19T17:17:29Z,2026-07-19T18:38:39Z,"79,3",Beinbeuger (Sitzend),Machine,8,"75,0",,,Done,false,,,Hamstrings,
Lower,2026-07-19T17:17:29Z,2026-07-19T18:38:39Z,"79,3",Beinbeuger (Sitzend),Machine,5,"75,0",,,Done,false,,,Hamstrings,
Lower,2026-07-19T17:17:29Z,2026-07-19T18:38:39Z,"79,3",Beinbeuger (Sitzend),Machine,6,"75,0",,,Done,false,,,Hamstrings,
Lower,2026-07-19T17:17:29Z,2026-07-19T18:38:39Z,"79,3",Beinstrecker (Masch.),Machine,8,"70,0",,,Done,false,,,Quadriceps,
Lower,2026-07-19T17:17:29Z,2026-07-19T18:38:39Z,"79,3",Beinstrecker (Masch.),Machine,7,"70,0",,,Done,false,,,Quadriceps,
Lower,2026-07-19T17:17:29Z,2026-07-19T18:38:39Z,"79,3",Beinstrecker (Masch.),Machine,7,"70,0",,,Done,false,,,Quadriceps,
Lower,2026-07-19T17:17:29Z,2026-07-19T18:38:39Z,"79,3",Bankdrücken (Multipresse),Machine,7,"60,0",,,Done,false,,,"Chest,Triceps,Deltoids",
Lower,2026-07-19T17:17:29Z,2026-07-19T18:38:39Z,"79,3",Bankdrücken (Multipresse),Machine,4,"60,0",,,Done,false,,,"Chest,Triceps,Deltoids",
Lower,2026-07-19T17:17:29Z,2026-07-19T18:38:39Z,"79,3",Bankdrücken (Multipresse),Machine,6,"55,0",,,Done,false,,,"Chest,Triceps,Deltoids",
Lower,2026-07-19T17:17:29Z,2026-07-19T18:38:39Z,"79,3",Flys (Masch.),Machine,6,"57,5",,,Done,false,,,"Chest,Deltoids",
Lower,2026-07-19T17:17:29Z,2026-07-19T18:38:39Z,"79,3",Flys (Masch.),Machine,6,"55,0",,,Done,false,,,"Chest,Deltoids",
Pull,2026-07-20T18:06:33Z,2026-07-20T19:05:21Z,"79,3",T-Bar Rudern (Brustgestützt),Machine,7,"60,0",,,Done,false,,,"Lats,Biceps,Trapezius",
Pull,2026-07-20T18:06:33Z,2026-07-20T19:05:21Z,"79,3",T-Bar Rudern (Brustgestützt),Machine,4,"60,0",,,Done,false,,,"Lats,Biceps,Trapezius",
Pull,2026-07-20T18:06:33Z,2026-07-20T19:05:21Z,"79,3",T-Bar Rudern (Brustgestützt),Machine,3,"55,0",,,Done,false,,,"Lats,Biceps,Trapezius",
Pull,2026-07-20T18:06:33Z,2026-07-20T19:05:21Z,"79,3",Latziehen (Eng),Cables,7,"67,0",,,Done,false,,,"Lats,Biceps,Trapezius",
Pull,2026-07-20T18:06:33Z,2026-07-20T19:05:21Z,"79,3",Latziehen (Eng),Cables,4,"67,0",,,Done,false,,,"Lats,Biceps,Trapezius",
Pull,2026-07-20T18:06:33Z,2026-07-20T19:05:21Z,"79,3",Latziehen (Eng),Cables,4,"67,0",,,Done,false,,,"Lats,Biceps,Trapezius",
Pull,2026-07-20T18:06:33Z,2026-07-20T19:05:21Z,"79,3","Rudermaschine (Brustgestützt, Eng)",Machine,8,"55,0",,,Done,false,,,"Lats,Biceps,Trapezius",
Pull,2026-07-20T18:06:33Z,2026-07-20T19:05:21Z,"79,3","Rudermaschine (Brustgestützt, Eng)",Machine,4,"55,0",,,Done,false,,,"Lats,Biceps,Trapezius",
Pull,2026-07-20T18:06:33Z,2026-07-20T19:05:21Z,"79,3",Klimmzüge (Breit),None,3,"79,3",,,Done,false,,,"Lats,Biceps,Trapezius",
Pull,2026-07-20T18:06:33Z,2026-07-20T19:05:21Z,"79,3",Klimmzüge (Breit),None,4,"79,3",,,Done,false,,,"Lats,Biceps,Trapezius",
Pull,2026-07-20T18:06:33Z,2026-07-20T19:05:21Z,"79,3",Preacher Curls (Masch.),Machine,4,"35,0",,,Done,false,,,Biceps,
Pull,2026-07-20T18:06:33Z,2026-07-20T19:05:21Z,"79,3",Preacher Curls (Masch.),Machine,5,"30,0",,,Done,false,,,Biceps,
Push,2026-07-21T15:26:37Z,2026-07-21T16:25:33Z,"79,3",Schrägbankdrücken (Multipresse),Machine,5,"55,0",,,Done,false,,,"Chest,Deltoids,Triceps",
Push,2026-07-21T15:26:37Z,2026-07-21T16:25:33Z,"79,3",Schrägbankdrücken (Multipresse),Machine,3,"55,0",,,Done,false,,,"Chest,Deltoids,Triceps",
Push,2026-07-21T15:26:37Z,2026-07-21T16:25:33Z,"79,3",Schrägbankdrücken (Multipresse),Machine,2,"55,0",,,Done,false,,,"Chest,Deltoids,Triceps",
Push,2026-07-21T15:26:37Z,2026-07-21T16:25:33Z,"79,3",Flys (Masch.),Machine,8,"57,5",,,Done,false,,,"Chest,Deltoids",
Push,2026-07-21T15:26:37Z,2026-07-21T16:25:33Z,"79,3",Flys (Masch.),Machine,5,"57,5",,,Done,false,,,"Chest,Deltoids",
Push,2026-07-21T15:26:37Z,2026-07-21T16:25:33Z,"79,3",Brustpresse,Machine,6,"42,5",,,Done,false,,,"Chest,Triceps,Deltoids",
Push,2026-07-21T15:26:37Z,2026-07-21T16:25:33Z,"79,3",Brustpresse,Machine,6,"42,5",,,Done,false,,,"Chest,Triceps,Deltoids",
Push,2026-07-21T15:26:37Z,2026-07-21T16:25:33Z,"79,3",Seitenheben (Masch.),Machine,6,"27,5",,,Done,false,,,"Deltoids,Trapezius",
Push,2026-07-21T15:26:37Z,2026-07-21T16:25:33Z,"79,3",Seitenheben (Masch.),Machine,4,"27,5",,,Done,false,,,"Deltoids,Trapezius",
Push,2026-07-21T15:26:37Z,2026-07-21T16:25:33Z,"79,3","Trizepspushdowns (Seil, Einarmig, Rechts)",Cables,5,"12,5",,,Done,false,,,Triceps,
Push,2026-07-21T15:26:37Z,2026-07-21T16:25:33Z,"79,3","Trizepspushdowns (Seil, Einarmig, Rechts)",Cables,9,"10,0",,,Done,false,,,Triceps,
Push,2026-07-21T15:26:37Z,2026-07-21T16:25:33Z,"79,3","Trizepspushdowns (Seil, Einarmig, Links)",Cables,5,"12,5",,,Done,false,,,Triceps,
Push,2026-07-21T15:26:37Z,2026-07-21T16:25:33Z,"79,3","Trizepspushdowns (Seil, Einarmig, Links)",Cables,7,"11,25",,,Done,false,,,Triceps,
Legs,2026-07-22T18:26:01Z,2026-07-22T19:30:36Z,"79,3",Kreuzheben (Konventionell),Barbell,10,"70,0",,,Done,false,,,"Gluteals,Hamstrings,Quadriceps,Back (Lower),Trapezius",
Legs,2026-07-22T18:26:01Z,2026-07-22T19:30:36Z,"79,3",Kreuzheben (Konventionell),Barbell,8,"70,0",,,Done,false,,,"Gluteals,Hamstrings,Quadriceps,Back (Lower),Trapezius",
Legs,2026-07-22T18:26:01Z,2026-07-22T19:30:36Z,"79,3",Kreuzheben (Konventionell),Barbell,7,"70,0",,,Done,false,,,"Gluteals,Hamstrings,Quadriceps,Back (Lower),Trapezius",
Legs,2026-07-22T18:26:01Z,2026-07-22T19:30:36Z,"79,3",Beinpresse (45 Grad),Machine,9,"120,0",,,Done,false,,,"Quadriceps,Gluteals,Hamstrings,Adductors",
Legs,2026-07-22T18:26:01Z,2026-07-22T19:30:36Z,"79,3",Beinpresse (45 Grad),Machine,7,"120,0",,,Done,false,,,"Quadriceps,Gluteals,Hamstrings,Adductors",
Legs,2026-07-22T18:26:01Z,2026-07-22T19:30:36Z,"79,3",Beinpresse (45 Grad),Machine,7,"120,0",,,Done,false,,,"Quadriceps,Gluteals,Hamstrings,Adductors",
Legs,2026-07-22T18:26:01Z,2026-07-22T19:30:36Z,"79,3",Beinbeuger (Sitzend),Machine,7,"75,0",,,Done,false,,,Hamstrings,
Legs,2026-07-22T18:26:01Z,2026-07-22T19:30:36Z,"79,3",Beinbeuger (Sitzend),Machine,6,"75,0",,,Done,false,,,Hamstrings,
Legs,2026-07-22T18:26:01Z,2026-07-22T19:30:36Z,"79,3",Beinbeuger (Sitzend),Machine,6,"75,0",,,Done,false,,,Hamstrings,
Legs,2026-07-22T18:26:01Z,2026-07-22T19:30:36Z,"79,3",Beinstrecker (Masch.),Machine,9,"70,0",,,Done,false,,,Quadriceps,
Legs,2026-07-22T18:26:01Z,2026-07-22T19:30:36Z,"79,3",Beinstrecker (Masch.),Machine,6,"70,0",,,Done,false,,,Quadriceps,
Upper,2026-07-24T15:04:03Z,2026-07-24T16:44:49Z,"81,6",T-Bar Rudern (Brustgestützt),Machine,6,"60,0",,,Done,false,,,"Lats,Biceps,Trapezius",
Upper,2026-07-24T15:04:03Z,2026-07-24T16:44:49Z,"81,6",T-Bar Rudern (Brustgestützt),Machine,6,"60,0",,,Done,false,,,"Lats,Biceps,Trapezius",
Upper,2026-07-24T15:04:03Z,2026-07-24T16:44:49Z,"81,6",T-Bar Rudern (Brustgestützt),Machine,7,"55,0",,,Done,false,,,"Lats,Biceps,Trapezius",
Upper,2026-07-24T15:04:03Z,2026-07-24T16:44:49Z,"81,6",Schulterdrücken (Masch.),Machine,8,"27,5",,,Done,false,,,"Deltoids,Triceps,Trapezius",
Upper,2026-07-24T15:04:03Z,2026-07-24T16:44:49Z,"81,6",Schulterdrücken (Masch.),Machine,5,"27,5",,,Done,false,,,"Deltoids,Triceps,Trapezius",
Upper,2026-07-24T15:04:03Z,2026-07-24T16:44:49Z,"81,6",Flys (Masch.),Machine,6,"57,5",,,Done,false,,,"Chest,Deltoids",
Upper,2026-07-24T15:04:03Z,2026-07-24T16:44:49Z,"81,6",Flys (Masch.),Machine,6,"55,0",,,Done,false,,,"Chest,Deltoids",
Upper,2026-07-24T15:04:03Z,2026-07-24T16:44:49Z,"81,6",Seitenheben (Masch.),Machine,9,"30,0",,,Done,false,,,"Deltoids,Trapezius",
Upper,2026-07-24T15:04:03Z,2026-07-24T16:44:49Z,"81,6",Seitenheben (Masch.),Machine,4,"30,0",,,Done,false,,,"Deltoids,Trapezius",
Upper,2026-07-24T15:04:03Z,2026-07-24T16:44:49Z,"81,6","Trizepspushdowns (Seil, Einarmig, Rechts)",Cables,6,"12,5",,,Done,false,,,Triceps,
Upper,2026-07-24T15:04:03Z,2026-07-24T16:44:49Z,"81,6","Trizepspushdowns (Seil, Einarmig, Rechts)",Cables,11,"10,0",,,Done,false,,,Triceps,
Upper,2026-07-24T15:04:03Z,2026-07-24T16:44:49Z,"81,6","Trizepspushdowns (Seil, Einarmig, Links)",Cables,8,"12,5",,,Done,false,,,Triceps,
Upper,2026-07-24T15:04:03Z,2026-07-24T16:44:49Z,"81,6","Trizepspushdowns (Seil, Einarmig, Links)",Cables,8,"10,0",,,Done,false,,,Triceps,
Upper,2026-07-24T15:04:03Z,2026-07-24T16:44:49Z,"81,6",Preacher Curls (Masch.),Machine,6,"35,0",,,Done,false,,,Biceps,
Upper,2026-07-24T15:04:03Z,2026-07-24T16:44:49Z,"81,6",Preacher Curls (Masch.),Machine,4,"30,0",,,Done,false,,,Biceps,
Upper,2026-07-24T15:04:03Z,2026-07-24T16:44:49Z,"81,6",Klimmzüge (Breit),None,5,"81,6",,,Done,false,,,"Lats,Biceps,Trapezius",
Upper,2026-07-24T15:04:03Z,2026-07-24T16:44:49Z,"81,6",Klimmzüge (Breit),None,4,"81,6",,,Done,false,,,"Lats,Biceps,Trapezius",
Upper,2026-07-24T15:04:03Z,2026-07-24T16:44:49Z,"81,6",Klimmzüge (Breit),None,3,"81,6",,,Done,false,,,"Lats,Biceps,Trapezius",
Lower,2026-07-25T16:59:21Z,2026-07-25T18:29:42Z,"81,6",Squat (LH),Barbell,7,"60,0",,,Done,false,,,"Quadriceps,Gluteals,Hamstrings,Adductors,Back (Lower)",
Lower,2026-07-25T16:59:21Z,2026-07-25T18:29:42Z,"81,6",Squat (LH),Barbell,5,"60,0",,,Done,false,,,"Quadriceps,Gluteals,Hamstrings,Adductors,Back (Lower)",
Lower,2026-07-25T16:59:21Z,2026-07-25T18:29:42Z,"81,6",Beinbeuger (Sitzend),Machine,9,"75,0",,,Done,false,,,Hamstrings,
Lower,2026-07-25T16:59:21Z,2026-07-25T18:29:42Z,"81,6",Beinbeuger (Sitzend),Machine,7,"75,0",,,Done,false,,,Hamstrings,
Lower,2026-07-25T16:59:21Z,2026-07-25T18:29:42Z,"81,6",Beinbeuger (Sitzend),Machine,6,"75,0",,,Done,false,,,Hamstrings,
Lower,2026-07-25T16:59:21Z,2026-07-25T18:29:42Z,"81,6",Beinstrecker (Masch.),Machine,6,"75,0",,,Done,false,,,Quadriceps,
Lower,2026-07-25T16:59:21Z,2026-07-25T18:29:42Z,"81,6",Beinstrecker (Masch.),Machine,6,"75,0",,,Done,false,,,Quadriceps,
Lower,2026-07-25T16:59:21Z,2026-07-25T18:29:42Z,"81,6",Beinstrecker (Masch.),Machine,5,"75,0",,,Done,false,,,Quadriceps,
Lower,2026-07-25T16:59:21Z,2026-07-25T18:29:42Z,"81,6",Bankdrücken (Multipresse),Machine,7,"60,0",,,Done,false,,,"Chest,Triceps,Deltoids",
Lower,2026-07-25T16:59:21Z,2026-07-25T18:29:42Z,"81,6",Bankdrücken (Multipresse),Machine,6,"60,0",,,Done,false,,,"Chest,Triceps,Deltoids",
Lower,2026-07-25T16:59:21Z,2026-07-25T18:29:42Z,"81,6",Bankdrücken (Multipresse),Machine,4,"60,0",,,Done,false,,,"Chest,Triceps,Deltoids",
Lower,2026-07-25T16:59:21Z,2026-07-25T18:29:42Z,"81,6",Flys (Masch.),Machine,6,"57,5",,,Done,false,,,"Chest,Deltoids",
Lower,2026-07-25T16:59:21Z,2026-07-25T18:29:42Z,"81,6",Flys (Masch.),Machine,6,"57,5",,,Done,false,,,"Chest,Deltoids",
Pull,2026-07-27T17:37:05Z,2026-07-27T18:46:25Z,"81,6",T-Bar Rudern (Brustgestützt),Machine,7,"60,0",,,Done,false,,,"Lats,Biceps,Trapezius",
Pull,2026-07-27T17:37:05Z,2026-07-27T18:46:25Z,"81,6",T-Bar Rudern (Brustgestützt),Machine,6,"60,0",,,Done,false,,,"Lats,Biceps,Trapezius",
Pull,2026-07-27T17:37:05Z,2026-07-27T18:46:25Z,"81,6",T-Bar Rudern (Brustgestützt),Machine,6,"55,0",,,Done,false,,,"Lats,Biceps,Trapezius",
Pull,2026-07-27T17:37:05Z,2026-07-27T18:46:25Z,"81,6",Latziehen (Eng),Cables,7,"67,0",,,Done,false,,,"Lats,Biceps,Trapezius",
Pull,2026-07-27T17:37:05Z,2026-07-27T18:46:25Z,"81,6",Latziehen (Eng),Cables,6,"67,0",,,Done,false,,,"Lats,Biceps,Trapezius",
Pull,2026-07-27T17:37:05Z,2026-07-27T18:46:25Z,"81,6",Latziehen (Eng),Cables,5,"67,0",,,Done,false,,,"Lats,Biceps,Trapezius",
Pull,2026-07-27T17:37:05Z,2026-07-27T18:46:25Z,"81,6",Klimmzüge (Breit),None,7,"81,6",,,Done,false,,,"Lats,Biceps,Trapezius",
Pull,2026-07-27T17:37:05Z,2026-07-27T18:46:25Z,"81,6",Klimmzüge (Breit),None,5,"81,6",,,Done,false,,,"Lats,Biceps,Trapezius",
Pull,2026-07-27T17:37:05Z,2026-07-27T18:46:25Z,"81,6",Preacher Curls (Masch.),Machine,6,"35,0",,,Done,false,,,Biceps,
Pull,2026-07-27T17:37:05Z,2026-07-27T18:46:25Z,"81,6",Preacher Curls (Masch.),Machine,5,"30,0",,,Done,false,,,Biceps,
Push,2026-07-28T17:24:10Z,2026-07-28T18:41:56Z,"81,6",Schrägbankdrücken (Multipresse),Machine,7,"55,0",,,Done,false,,,"Chest,Deltoids,Triceps",
Push,2026-07-28T17:24:10Z,2026-07-28T18:41:56Z,"81,6",Schrägbankdrücken (Multipresse),Machine,4,"55,0",,,Done,false,,,"Chest,Deltoids,Triceps",
Push,2026-07-28T17:24:10Z,2026-07-28T18:41:56Z,"81,6",Schrägbankdrücken (Multipresse),Machine,6,"50,0",,,Done,false,,,"Chest,Deltoids,Triceps",
Push,2026-07-28T17:24:10Z,2026-07-28T18:41:56Z,"81,6",Flys (Masch.),Machine,8,"57,5",,,Done,false,,,"Chest,Deltoids",
Push,2026-07-28T17:24:10Z,2026-07-28T18:41:56Z,"81,6",Flys (Masch.),Machine,5,"57,5",,,Done,false,,,"Chest,Deltoids",
Push,2026-07-28T17:24:10Z,2026-07-28T18:41:56Z,"81,6",Brustpresse,Machine,5,"50,0",,,Done,false,,,"Chest,Triceps,Deltoids",
Push,2026-07-28T17:24:10Z,2026-07-28T18:41:56Z,"81,6",Brustpresse,Machine,6,"42,5",,,Done,false,,,"Chest,Triceps,Deltoids",
Push,2026-07-28T17:24:10Z,2026-07-28T18:41:56Z,"81,6",Seitenheben (Masch.),Machine,9,"30,0",,,Done,false,,,"Deltoids,Trapezius",
Push,2026-07-28T17:24:10Z,2026-07-28T18:41:56Z,"81,6",Seitenheben (Masch.),Machine,5,"30,0",,,Done,false,,,"Deltoids,Trapezius",
Push,2026-07-28T17:24:10Z,2026-07-28T18:41:56Z,"81,6",Seitenheben (Masch.),Machine,4,"27,5",,,Done,false,,,"Deltoids,Trapezius",
Push,2026-07-28T17:24:10Z,2026-07-28T18:41:56Z,"81,6","Trizepspushdowns (Seil, Einarmig, Rechts)",Cables,9,"10,0",,,Done,false,,,Triceps,
Push,2026-07-28T17:24:10Z,2026-07-28T18:41:56Z,"81,6","Trizepspushdowns (Seil, Einarmig, Rechts)",Cables,8,"10,0",,,Done,false,,,Triceps,
Push,2026-07-28T17:24:10Z,2026-07-28T18:41:56Z,"81,6","Trizepspushdowns (Seil, Einarmig, Links)",Cables,8,"10,0",,,Done,false,,,Triceps,
Push,2026-07-28T17:24:10Z,2026-07-28T18:41:56Z,"81,6","Trizepspushdowns (Seil, Einarmig, Links)",Cables,8,"10,0",,,Done,false,,,Triceps,
Legs,2026-07-29T18:41:16Z,2026-07-29T19:50:13Z,"80,8",Kreuzheben (Konventionell),Barbell,9,"70,0",,,Done,false,,,"Gluteals,Hamstrings,Quadriceps,Back (Lower),Trapezius",
Legs,2026-07-29T18:41:16Z,2026-07-29T19:50:13Z,"80,8",Kreuzheben (Konventionell),Barbell,10,"70,0",,,Done,false,,,"Gluteals,Hamstrings,Quadriceps,Back (Lower),Trapezius",
Legs,2026-07-29T18:41:16Z,2026-07-29T19:50:13Z,"80,8",Kreuzheben (Konventionell),Barbell,8,"70,0",,,Done,false,,,"Gluteals,Hamstrings,Quadriceps,Back (Lower),Trapezius",
Legs,2026-07-29T18:41:16Z,2026-07-29T19:50:13Z,"80,8",Beinpresse (45 Grad),Machine,11,"120,0",,,Done,false,,,"Quadriceps,Gluteals,Hamstrings,Adductors",
Legs,2026-07-29T18:41:16Z,2026-07-29T19:50:13Z,"80,8",Beinpresse (45 Grad),Machine,7,"120,0",,,Done,false,,,"Quadriceps,Gluteals,Hamstrings,Adductors",
Legs,2026-07-29T18:41:16Z,2026-07-29T19:50:13Z,"80,8",Beinpresse (45 Grad),Machine,7,"140,0",,,Done,false,,,"Quadriceps,Gluteals,Hamstrings,Adductors",
Legs,2026-07-29T18:41:16Z,2026-07-29T19:50:13Z,"80,8",Beinbeuger (Sitzend),Machine,10,"75,0",,,Done,false,,,Hamstrings,
Legs,2026-07-29T18:41:16Z,2026-07-29T19:50:13Z,"80,8",Beinbeuger (Sitzend),Machine,7,"75,0",,,Done,false,,,Hamstrings,
Legs,2026-07-29T18:41:16Z,2026-07-29T19:50:13Z,"80,8",Beinstrecker (Masch.),Machine,8,"75,0",,,Done,false,,,Quadriceps,
Legs,2026-07-29T18:41:16Z,2026-07-29T19:50:13Z,"80,8",Beinstrecker (Masch.),Machine,5,"75,0",,,Done,false,,,Quadriceps,
Upper,2026-07-31T18:28:24Z,2026-07-31T20:35:20Z,"79,7",T-Bar Rudern (Brustgestützt),Machine,8,"60,0",,,Done,false,,,"Lats,Biceps,Trapezius",
Upper,2026-07-31T18:28:24Z,2026-07-31T20:35:20Z,"79,7",T-Bar Rudern (Brustgestützt),Machine,6,"60,0",,,Done,false,,,"Lats,Biceps,Trapezius",
Upper,2026-07-31T18:28:24Z,2026-07-31T20:35:20Z,"79,7",T-Bar Rudern (Brustgestützt),Machine,4,"60,0",,,Done,false,,,"Lats,Biceps,Trapezius",
Upper,2026-07-31T18:28:24Z,2026-07-31T20:35:20Z,"79,7",Schulterdrücken (Masch.),Machine,7,"27,5",,,Done,false,,,"Deltoids,Triceps,Trapezius",
Upper,2026-07-31T18:28:24Z,2026-07-31T20:35:20Z,"79,7",Schulterdrücken (Masch.),Machine,6,"27,5",,,Done,false,,,"Deltoids,Triceps,Trapezius",
Upper,2026-07-31T18:28:24Z,2026-07-31T20:35:20Z,"79,7",Flys (Masch.),Machine,9,"57,5",,,Done,false,,,"Chest,Deltoids",
Upper,2026-07-31T18:28:24Z,2026-07-31T20:35:20Z,"79,7",Flys (Masch.),Machine,5,"57,5",,,Done,false,,,"Chest,Deltoids",
Upper,2026-07-31T18:28:24Z,2026-07-31T20:35:20Z,"79,7",Flys (Masch.),Machine,7,"57,5",,,Done,false,,,"Chest,Deltoids",
Upper,2026-07-31T18:28:24Z,2026-07-31T20:35:20Z,"79,7",Seitenheben (Masch.),Machine,8,"30,0",,,Done,false,,,"Deltoids,Trapezius",
Upper,2026-07-31T18:28:24Z,2026-07-31T20:35:20Z,"79,7",Seitenheben (Masch.),Machine,6,"30,0",,,Done,false,,,"Deltoids,Trapezius",
Upper,2026-07-31T18:28:24Z,2026-07-31T20:35:20Z,"79,7","Trizepspushdowns (Seil, Einarmig, Rechts)",Cables,8,"12,5",,,Done,false,,,Triceps,
Upper,2026-07-31T18:28:24Z,2026-07-31T20:35:20Z,"79,7","Trizepspushdowns (Seil, Einarmig, Rechts)",Cables,6,"12,5",,,Done,false,,,Triceps,
Upper,2026-07-31T18:28:24Z,2026-07-31T20:35:20Z,"79,7","Trizepspushdowns (Seil, Einarmig, Links)",Cables,8,"12,5",,,Done,false,,,Triceps,
Upper,2026-07-31T18:28:24Z,2026-07-31T20:35:20Z,"79,7","Trizepspushdowns (Seil, Einarmig, Links)",Cables,7,"12,5",,,Done,false,,,Triceps,
Upper,2026-07-31T18:28:24Z,2026-07-31T20:35:20Z,"79,7",Preacher Curls (Masch.),Machine,6,"35,0",,,Done,false,,,Biceps,
Upper,2026-07-31T18:28:24Z,2026-07-31T20:35:20Z,"79,7",Preacher Curls (Masch.),Machine,4,"35,0",,,Done,false,,,Biceps,
Upper,2026-07-31T18:28:24Z,2026-07-31T20:35:20Z,"79,7",Klimmzüge (Breit),None,8,"79,7",,,Done,false,,,"Lats,Biceps,Trapezius",
Upper,2026-07-31T18:28:24Z,2026-07-31T20:35:20Z,"79,7",Klimmzüge (Breit),None,5,"79,7",,,Done,false,,,"Lats,Biceps,Trapezius",
Upper,2026-07-31T18:28:24Z,2026-07-31T20:35:20Z,"79,7",Klimmzüge (Breit),None,4,"79,7",,,Done,false,,,"Lats,Biceps,Trapezius",
Lower,2026-08-02T16:54:55Z,2026-08-02T18:31:20Z,"79,4",Squat (LH),Barbell,8,"60,0",,,Done,false,,,"Quadriceps,Gluteals,Hamstrings,Adductors,Back (Lower)",
Lower,2026-08-02T16:54:55Z,2026-08-02T18:31:20Z,"79,4",Squat (LH),Barbell,5,"60,0",,,Done,false,,,"Quadriceps,Gluteals,Hamstrings,Adductors,Back (Lower)",
Lower,2026-08-02T16:54:55Z,2026-08-02T18:31:20Z,"79,4",Beinbeuger (Sitzend),Machine,11,"75,0",,,Done,false,,,Hamstrings,
Lower,2026-08-02T16:54:55Z,2026-08-02T18:31:20Z,"79,4",Beinbeuger (Sitzend),Machine,7,"75,0",,,Done,false,,,Hamstrings,
Lower,2026-08-02T16:54:55Z,2026-08-02T18:31:20Z,"79,4",Beinbeuger (Sitzend),Machine,7,"75,0",,,Done,false,,,Hamstrings,
Lower,2026-08-02T16:54:55Z,2026-08-02T18:31:20Z,"79,4",Beinstrecker (Masch.),Machine,9,"75,0",,,Done,false,,,Quadriceps,
Lower,2026-08-02T16:54:55Z,2026-08-02T18:31:20Z,"79,4",Beinstrecker (Masch.),Machine,9,"75,0",,,Done,false,,,Quadriceps,
Lower,2026-08-02T16:54:55Z,2026-08-02T18:31:20Z,"79,4",Beinstrecker (Masch.),Machine,7,"75,0",,,Done,false,,,Quadriceps,
Lower,2026-08-02T16:54:55Z,2026-08-02T18:31:20Z,"79,4",Bankdrücken (Multipresse),Machine,8,"60,0",,,Done,false,,,"Chest,Triceps,Deltoids",
Lower,2026-08-02T16:54:55Z,2026-08-02T18:31:20Z,"79,4",Bankdrücken (Multipresse),Machine,6,"60,0",,,Done,false,,,"Chest,Triceps,Deltoids",
Lower,2026-08-02T16:54:55Z,2026-08-02T18:31:20Z,"79,4",Bankdrücken (Multipresse),Machine,5,"60,0",,,Done,false,,,"Chest,Triceps,Deltoids",
Lower,2026-08-02T16:54:55Z,2026-08-02T18:31:20Z,"79,4",Flys (Masch.),Machine,6,"57,5",,,Done,false,,,"Chest,Deltoids",
Lower,2026-08-02T16:54:55Z,2026-08-02T18:31:20Z,"79,4",Flys (Masch.),Machine,4,"57,5",,,Done,false,,,"Chest,Deltoids",
Pull,2026-08-03T14:05:55Z,2026-08-03T15:25:59Z,"79,1",T-Bar Rudern (Brustgestützt),Machine,8,"60,0",,,Done,false,,,"Lats,Biceps,Trapezius",
Pull,2026-08-03T14:05:55Z,2026-08-03T15:25:59Z,"79,1",T-Bar Rudern (Brustgestützt),Machine,6,"60,0",,,Done,false,,,"Lats,Biceps,Trapezius",
Pull,2026-08-03T14:05:55Z,2026-08-03T15:25:59Z,"79,1",T-Bar Rudern (Brustgestützt),Machine,5,"60,0",,,Done,false,,,"Lats,Biceps,Trapezius",
Pull,2026-08-03T14:05:55Z,2026-08-03T15:25:59Z,"79,1",Latziehen (Eng),Cables,8,"67,0",,,Done,false,,,"Lats,Biceps,Trapezius",
Pull,2026-08-03T14:05:55Z,2026-08-03T15:25:59Z,"79,1",Latziehen (Eng),Cables,5,"67,0",,,Done,false,,,"Lats,Biceps,Trapezius",
Pull,2026-08-03T14:05:55Z,2026-08-03T15:25:59Z,"79,1",Latziehen (Eng),Cables,5,"67,0",,,Done,false,,,"Lats,Biceps,Trapezius",
Pull,2026-08-03T14:05:55Z,2026-08-03T15:25:59Z,"79,1",Klimmzüge (Breit),None,7,"79,1",,,Done,false,,,"Lats,Biceps,Trapezius",
Pull,2026-08-03T14:05:55Z,2026-08-03T15:25:59Z,"79,1",Klimmzüge (Breit),None,5,"79,1",,,Done,false,,,"Lats,Biceps,Trapezius",
Pull,2026-08-03T14:05:55Z,2026-08-03T15:25:59Z,"79,1",Preacher Curls (Masch.),Machine,7,"35,0",,,Done,false,,,Biceps,
Pull,2026-08-03T14:05:55Z,2026-08-03T15:25:59Z,"79,1",Preacher Curls (Masch.),Machine,4,"35,0",,,Done,false,,,Biceps,
Push,2026-08-04T15:05:55Z,2026-08-04T16:22:51Z,"79,1",Schrägbankdrücken (Multipresse),Machine,6,"55,0",,,Done,false,,,"Chest,Deltoids,Triceps",
Push,2026-08-04T15:05:55Z,2026-08-04T16:22:51Z,"79,1",Schrägbankdrücken (Multipresse),Machine,5,"55,0",,,Done,false,,,"Chest,Deltoids,Triceps",
Push,2026-08-04T15:05:55Z,2026-08-04T16:22:51Z,"79,1",Schrägbankdrücken (Multipresse),Machine,4,"55,0",,,Done,false,,,"Chest,Deltoids,Triceps",
Push,2026-08-04T15:05:55Z,2026-08-04T16:22:51Z,"79,1",Flys (Masch.),Machine,10,"57,5",,,Done,false,,,"Chest,Deltoids",
Push,2026-08-04T15:05:55Z,2026-08-04T16:22:51Z,"79,1",Flys (Masch.),Machine,8,"57,5",,,Done,false,,,"Chest,Deltoids",
Push,2026-08-04T15:05:55Z,2026-08-04T16:22:51Z,"79,1",Brustpresse,Machine,6,"50,0",,,Done,false,,,"Chest,Triceps,Deltoids",
Push,2026-08-04T15:05:55Z,2026-08-04T16:22:51Z,"79,1",Brustpresse,Machine,7,"45,0",,,Done,false,,,"Chest,Triceps,Deltoids",
Push,2026-08-04T15:05:55Z,2026-08-04T16:22:51Z,"79,1",Seitenheben (Masch.),Machine,8,"30,0",,,Done,false,,,"Deltoids,Trapezius",
Push,2026-08-04T15:05:55Z,2026-08-04T16:22:51Z,"79,1",Seitenheben (Masch.),Machine,7,"30,0",,,Done,false,,,"Deltoids,Trapezius",
Push,2026-08-04T15:05:55Z,2026-08-04T16:22:51Z,"79,1",Seitenheben (Masch.),Machine,6,"30,0",,,Done,false,,,"Deltoids,Trapezius",
Push,2026-08-04T15:05:55Z,2026-08-04T16:22:51Z,"79,1","Trizepspushdowns (Seil, Einarmig, Rechts)",Cables,6,"12,5",,,Done,false,,,Triceps,
Push,2026-08-04T15:05:55Z,2026-08-04T16:22:51Z,"79,1","Trizepspushdowns (Seil, Einarmig, Rechts)",Cables,6,"12,5",,,Done,false,,,Triceps,
Push,2026-08-04T15:05:55Z,2026-08-04T16:22:51Z,"79,1","Trizepspushdowns (Seil, Einarmig, Links)",Cables,6,"12,5",,,Done,false,,,Triceps,
Push,2026-08-04T15:05:55Z,2026-08-04T16:22:51Z,"79,1","Trizepspushdowns (Seil, Einarmig, Links)",Cables,6,"12,5",,,Done,false,,,Triceps,
Legs,2026-08-05T17:46:03Z,2026-08-05T19:52:18Z,"79,1",Kreuzheben (Konventionell),Barbell,8,"75,0",,,Done,false,,,"Gluteals,Hamstrings,Quadriceps,Back (Lower),Trapezius",
Legs,2026-08-05T17:46:03Z,2026-08-05T19:52:18Z,"79,1",Beinpresse (45 Grad),Machine,10,"160,0",,,Done,false,,,"Quadriceps,Gluteals,Hamstrings,Adductors",
Legs,2026-08-05T17:46:03Z,2026-08-05T19:52:18Z,"79,1",Beinpresse (45 Grad),Machine,7,"160,0",,,Done,false,,,"Quadriceps,Gluteals,Hamstrings,Adductors",
Legs,2026-08-05T17:46:03Z,2026-08-05T19:52:18Z,"79,1",Beinpresse (45 Grad),Machine,5,"160,0",,,Done,false,,,"Quadriceps,Gluteals,Hamstrings,Adductors",
Legs,2026-08-05T17:46:03Z,2026-08-05T19:52:18Z,"79,1",Beinbeuger (Sitzend),Machine,8,"77,5",,,Done,false,,,Hamstrings,
Legs,2026-08-05T17:46:03Z,2026-08-05T19:52:18Z,"79,1",Beinbeuger (Sitzend),Machine,7,"77,5",,,Done,false,,,Hamstrings,
Legs,2026-08-05T17:46:03Z,2026-08-05T19:52:18Z,"79,1",Beinbeuger (Sitzend),Machine,5,"77,5",,,Done,false,,,Hamstrings,
Legs,2026-08-05T17:46:03Z,2026-08-05T19:52:18Z,"79,1",Beinstrecker (Masch.),Machine,8,"75,0",,,Done,false,,,Quadriceps,
Legs,2026-08-05T17:46:03Z,2026-08-05T19:52:18Z,"79,1",Beinstrecker (Masch.),Machine,9,"75,0",,,Done,false,,,Quadriceps,
Legs,2026-08-05T17:46:03Z,2026-08-05T19:52:18Z,"79,1",Klimmzüge (Breit),None,10,"79,2",,,Done,false,,,"Lats,Biceps,Trapezius",
Legs,2026-08-05T17:46:03Z,2026-08-05T19:52:18Z,"79,1",Klimmzüge (Breit),None,5,"79,2",,,Done,false,,,"Lats,Biceps,Trapezius",
